{"type":"FeatureCollection","features":[{"type":"Feature","properties":{"placeId":"bldg-3a","height":24},"geometry":{"type":"Polygon","coordinates":[[[140.100831,36.110961],[140.100705,36.11091],[140.100504,36.110825],[140.10046,36.110806],[140.100411,36.110785],[140.100308,36.110741],[140.100461,36.110478],[140.100627,36.110542],[140.100725,36.110384],[140.100648,36.110348],[140.100656,36.110335],[140.100853,36.110035],[140.100945,36.110067],[140.100926,36.110095],[140.101014,36.110138],[140.101069,36.110298],[140.100796,36.110718],[140.100833,36.110838],[140.100892,36.110865],[140.100831,36.110961]]]}},{"type":"Feature","properties":{"placeId":"bldg-3b","height":20.2},"geometry":{"type":"Polygon","coordinates":[[[140.10018,36.111395],[140.10015,36.111383],[140.100043,36.11134],[140.100115,36.111218],[140.100125,36.111201],[140.100241,36.111016],[140.100098,36.110959],[140.100187,36.110811],[140.100246,36.110834],[140.100351,36.110876],[140.100404,36.110897],[140.100415,36.110902],[140.100442,36.110913],[140.100421,36.110947],[140.100488,36.110974],[140.100266,36.111338],[140.100225,36.111321],[140.10018,36.111395]]]}},{"type":"Feature","properties":{"placeId":"bldg-2c","height":21.6},"geometry":{"type":"Polygon","coordinates":[[[140.101386,36.111462],[140.101215,36.111389],[140.101234,36.111361],[140.101177,36.111336],[140.101157,36.111365],[140.100926,36.11127],[140.100866,36.111246],[140.100796,36.11135],[140.100772,36.111387],[140.100865,36.111427],[140.101146,36.111549],[140.101136,36.111563],[140.101278,36.111624],[140.101326,36.111554],[140.101386,36.111462]]]}},{"type":"Feature","properties":{"placeId":"bldg-2d","height":21.6},"geometry":{"type":"Polygon","coordinates":[[[140.100865,36.111427],[140.100772,36.111387],[140.100796,36.11135],[140.100695,36.111307],[140.10046,36.111673],[140.100501,36.11169],[140.100399,36.111848],[140.10059,36.111928],[140.100616,36.111889],[140.100655,36.111906],[140.100682,36.111864],[140.101034,36.112012],[140.101081,36.11194],[140.10123,36.112002],[140.101264,36.11195],[140.101279,36.111926],[140.101236,36.111908],[140.101295,36.111819],[140.101232,36.111792],[140.101085,36.11173],[140.101026,36.111822],[140.100699,36.111685],[140.100865,36.111427]]]}},{"type":"Feature","properties":{"placeId":"bldg-2b","height":21.6},"geometry":{"type":"Polygon","coordinates":[[[140.101525,36.110841],[140.101375,36.111086],[140.101497,36.111135],[140.101347,36.111384],[140.101247,36.111342],[140.101234,36.111361],[140.101177,36.111336],[140.101191,36.111319],[140.101235,36.111259],[140.101133,36.111213],[140.10111,36.111233],[140.100998,36.111188],[140.101342,36.11065],[140.101453,36.110702],[140.101427,36.110804],[140.101525,36.110841]]]}},{"type":"Feature","properties":{"placeId":"bldg-2a","height":21.6},"geometry":{"type":"Polygon","coordinates":[[[140.101427,36.110804],[140.101453,36.110702],[140.101509,36.110616],[140.102061,36.110851],[140.102021,36.110913],[140.102061,36.11093],[140.102025,36.110982],[140.101981,36.110972],[140.101949,36.110957],[140.101918,36.110941],[140.101907,36.11095],[140.101542,36.110812],[140.101525,36.110841],[140.101427,36.110804]]]}},{"type":"Feature","properties":{"placeId":"bldg-2h","height":14.1},"geometry":{"type":"Polygon","coordinates":[[[140.101733,36.111235],[140.101841,36.111076],[140.101865,36.111081],[140.101949,36.110957],[140.101981,36.110972],[140.101891,36.111104],[140.102154,36.111221],[140.102049,36.111376],[140.101733,36.111235]]]}},{"type":"Feature","properties":{"placeId":"bldg-1d","height":22.2},"geometry":{"type":"Polygon","coordinates":[[[140.101975,36.108591],[140.102045,36.108473],[140.101953,36.108438],[140.101975,36.108402],[140.10194,36.108388],[140.101956,36.108361],[140.101868,36.108327],[140.101854,36.10835],[140.101702,36.108288],[140.10167,36.108341],[140.101633,36.10841],[140.101854,36.108496],[140.101831,36.108536],[140.101975,36.108591]]]}},{"type":"Feature","properties":{"placeId":"bldg-1e","height":22.2},"geometry":{"type":"Polygon","coordinates":[[[140.10117,36.108198],[140.101223,36.108112],[140.101266,36.108129],[140.101298,36.108076],[140.101445,36.108134],[140.101468,36.108097],[140.101688,36.108184],[140.101639,36.108264],[140.101702,36.108288],[140.10167,36.108341],[140.101602,36.108314],[140.101575,36.108359],[140.10117,36.108198]]]}},{"type":"Feature","properties":{"placeId":"bldg-1c","height":25.6},"geometry":{"type":"Polygon","coordinates":[[[140.102147,36.108623],[140.102218,36.108512],[140.102339,36.108563],[140.102362,36.108526],[140.102307,36.108504],[140.102345,36.108444],[140.102404,36.108469],[140.102394,36.108484],[140.102451,36.108508],[140.102435,36.108534],[140.102477,36.108552],[140.10252,36.108485],[140.102654,36.108541],[140.102607,36.108613],[140.102723,36.108661],[140.102672,36.108743],[140.10256,36.108697],[140.102457,36.108859],[140.102313,36.108799],[140.102367,36.108715],[140.102147,36.108623]]]}},{"type":"Feature","properties":{"placeId":"bldg-1b","height":20.2},"geometry":{"type":"Polygon","coordinates":[[[140.102672,36.108743],[140.102581,36.108887],[140.102726,36.108946],[140.102841,36.108764],[140.102987,36.108824],[140.103061,36.108707],[140.102927,36.108652],[140.102899,36.108697],[140.102822,36.108665],[140.102804,36.108694],[140.102723,36.108661],[140.102672,36.108743]]]}},{"type":"Feature","properties":{"placeId":"bldg-1a","height":14.6},"geometry":{"type":"Polygon","coordinates":[[[140.102504,36.108252],[140.102464,36.108086],[140.102622,36.108047],[140.102654,36.108124],[140.102769,36.108171],[140.102778,36.108155],[140.102991,36.108233],[140.103135,36.108303],[140.103048,36.108436],[140.102945,36.108391],[140.102826,36.108372],[140.102504,36.108252]]]}},{"type":"Feature","properties":{"placeId":"bldg-1h","height":14.2},"geometry":{"type":"Polygon","coordinates":[[[140.103048,36.108436],[140.103011,36.108492],[140.102965,36.108563],[140.103163,36.108648],[140.103305,36.108431],[140.103334,36.108388],[140.103135,36.108303],[140.103048,36.108436]]]}},{"type":"Feature","properties":{"placeId":"bldg-kaikan","height":21.3},"geometry":{"type":"Polygon","coordinates":[[[140.101333,36.105768],[140.101397,36.105585],[140.101364,36.105577],[140.101456,36.105313],[140.101172,36.105245],[140.101235,36.105062],[140.101535,36.105129],[140.101607,36.104893],[140.101939,36.104959],[140.101918,36.105029],[140.10201,36.105047],[140.102017,36.10502],[140.102098,36.105023],[140.102098,36.104958],[140.102355,36.104965],[140.102351,36.10516],[140.102191,36.105155],[140.102187,36.105192],[140.102092,36.105182],[140.102065,36.105271],[140.102124,36.105283],[140.102102,36.105354],[140.102056,36.105345],[140.102017,36.105472],[140.102146,36.105498],[140.102125,36.105564],[140.102194,36.105578],[140.102137,36.105764],[140.102281,36.105793],[140.102212,36.105952],[140.102162,36.105967],[140.102031,36.105912],[140.102049,36.105877],[140.101859,36.105893],[140.101859,36.105867],[140.10179,36.105864],[140.101731,36.105847],[140.101723,36.105825],[140.101672,36.105814],[140.10166,36.105847],[140.101333,36.105768]]]}},{"type":"Feature","properties":{"placeId":"bldg-6b","height":17.3},"geometry":{"type":"Polygon","coordinates":[[[140.101869,36.102865],[140.101897,36.102689],[140.102233,36.102723],[140.102216,36.10283],[140.102123,36.102821],[140.102112,36.10289],[140.101869,36.102865]]]}},{"type":"Feature","properties":{"placeId":"bldg-6a","height":19.4},"geometry":{"type":"Polygon","coordinates":[[[140.102278,36.102916],[140.102309,36.102725],[140.10293,36.102792],[140.102898,36.102983],[140.102278,36.102916]]]}},{"type":"Feature","properties":{"placeId":"bldg-chuo-gym","height":22.3},"geometry":{"type":"Polygon","coordinates":[[[140.103507,36.103071],[140.104042,36.103127],[140.104113,36.102678],[140.10401,36.102651],[140.104119,36.10204],[140.104077,36.10204],[140.10408,36.101985],[140.10378,36.101959],[140.103769,36.101995],[140.103651,36.101985],[140.103507,36.103071]]]}},{"type":"Feature","properties":{"placeId":"bldg-kyugi-gym","height":15.4},"geometry":{"type":"Polygon","coordinates":[[[140.10341,36.101744],[140.103454,36.101485],[140.103555,36.101496],[140.103607,36.10119],[140.103976,36.101231],[140.103939,36.101447],[140.103836,36.101436],[140.103777,36.101784],[140.10341,36.101744]]]}},{"type":"Feature","properties":{"placeId":"bldg-budokan","height":13},"geometry":{"type":"Polygon","coordinates":[[[140.10453,36.101881],[140.10456,36.101699],[140.104876,36.101733],[140.104899,36.101596],[140.105157,36.101625],[140.105177,36.101506],[140.105524,36.101544],[140.105488,36.101756],[140.105306,36.101737],[140.105278,36.101906],[140.105118,36.101889],[140.105109,36.101944],[140.10453,36.101881]]]}},{"type":"Feature","properties":{"placeId":"bldg-pool","height":9.7},"geometry":{"type":"Polygon","coordinates":[[[140.104584,36.102116],[140.105247,36.102184],[140.105183,36.10259],[140.104765,36.102547],[140.104777,36.102472],[140.104685,36.102462],[140.104695,36.102404],[140.104542,36.102388],[140.104584,36.102116]]]}},{"type":"Feature","properties":{"placeId":"bldg-5c","height":29.2},"geometry":{"type":"Polygon","coordinates":[[[140.102324,36.103535],[140.102344,36.10341],[140.102476,36.103424],[140.102495,36.103307],[140.102367,36.103294],[140.102386,36.103171],[140.102974,36.103233],[140.102966,36.103283],[140.103028,36.103289],[140.103035,36.103245],[140.103711,36.103317],[140.10369,36.103442],[140.10382,36.103456],[140.103799,36.103583],[140.103668,36.103569],[140.10365,36.103679],[140.102988,36.103609],[140.102996,36.103564],[140.102915,36.103555],[140.102905,36.103597],[140.102324,36.103535]]]}},{"type":"Feature","properties":{"placeId":"bldg-library","height":26.5},"geometry":{"type":"Polygon","coordinates":[[[140.100917,36.109285],[140.101009,36.109323],[140.100995,36.109357],[140.101113,36.109399],[140.101129,36.109377],[140.101386,36.109479],[140.101557,36.109199],[140.101771,36.109284],[140.101873,36.10913],[140.101669,36.109053],[140.101748,36.10892],[140.101614,36.108868],[140.101594,36.108906],[140.101176,36.108726],[140.101046,36.108927],[140.101048,36.108959],[140.101113,36.108983],[140.100917,36.109285]]]}},{"type":"Feature","properties":{"height":3.6},"geometry":{"type":"Polygon","coordinates":[[[140.102161,36.09158],[140.102223,36.09149],[140.102293,36.091522],[140.102231,36.091612],[140.102161,36.09158]]]}},{"type":"Feature","properties":{"height":6.9},"geometry":{"type":"Polygon","coordinates":[[[140.101309,36.091062],[140.101366,36.090982],[140.101317,36.090959],[140.101535,36.09065],[140.101584,36.090673],[140.101605,36.090644],[140.102477,36.091049],[140.102456,36.091078],[140.102506,36.091102],[140.102288,36.091411],[140.102238,36.091387],[140.102218,36.091417],[140.101683,36.091168],[140.101647,36.091219],[140.101573,36.091185],[140.101609,36.091134],[140.101421,36.091046],[140.101385,36.091097],[140.101309,36.091062]]]}},{"type":"Feature","properties":{"height":4},"geometry":{"type":"Polygon","coordinates":[[[140.101546,36.091444],[140.10159,36.091381],[140.10166,36.091414],[140.101616,36.091476],[140.101546,36.091444]]]}},{"type":"Feature","properties":{"height":9.1},"geometry":{"type":"Polygon","coordinates":[[[140.102969,36.091678],[140.103168,36.091393],[140.103358,36.091481],[140.103159,36.091766],[140.103127,36.091751],[140.103107,36.091779],[140.10307,36.091762],[140.10309,36.091734],[140.102969,36.091678]]]}},{"type":"Feature","properties":{"height":3.7},"geometry":{"type":"Polygon","coordinates":[[[140.102344,36.091532],[140.10236,36.091466],[140.102398,36.091414],[140.102451,36.091438],[140.102418,36.091485],[140.102403,36.091542],[140.102344,36.091532]]]}},{"type":"Feature","properties":{"height":3},"geometry":{"type":"Polygon","coordinates":[[[140.099931,36.093682],[140.099956,36.093677],[140.099963,36.093702],[140.099938,36.093706],[140.099931,36.093682]]]}},{"type":"Feature","properties":{"height":6.3},"geometry":{"type":"Polygon","coordinates":[[[140.099716,36.09262],[140.099727,36.092605],[140.099736,36.092609],[140.099752,36.092586],[140.099744,36.092582],[140.099755,36.092566],[140.099762,36.09257],[140.09979,36.092529],[140.099782,36.092525],[140.099806,36.092491],[140.099814,36.092495],[140.099831,36.092472],[140.099822,36.092467],[140.099831,36.092454],[140.099841,36.092458],[140.099857,36.092434],[140.099849,36.09243],[140.099859,36.092415],[140.099869,36.092419],[140.099885,36.092397],[140.099875,36.092393],[140.099886,36.092377],[140.099894,36.09238],[140.099937,36.092321],[140.100025,36.092362],[140.09983,36.092638],[140.099836,36.09264],[140.099816,36.092669],[140.099904,36.09271],[140.099875,36.092751],[140.099823,36.092727],[140.099828,36.09272],[140.099763,36.09269],[140.099773,36.092675],[140.099757,36.092667],[140.099746,36.092682],[140.099721,36.09267],[140.099735,36.092649],[140.099748,36.092655],[140.099759,36.09264],[140.099716,36.09262]]]}},{"type":"Feature","properties":{"height":4.1},"geometry":{"type":"Polygon","coordinates":[[[140.099656,36.093196],[140.099761,36.093189],[140.099783,36.093409],[140.099678,36.093416],[140.099656,36.093196]]]}},{"type":"Feature","properties":{"height":6.4},"geometry":{"type":"Polygon","coordinates":[[[140.100386,36.093257],[140.100503,36.093089],[140.10053,36.093102],[140.100539,36.093088],[140.100588,36.09311],[140.100578,36.093124],[140.100749,36.093203],[140.100631,36.09337],[140.100475,36.093298],[140.100469,36.093306],[140.100426,36.093286],[140.100431,36.093278],[140.100386,36.093257]]]}},{"type":"Feature","properties":{"height":19.5},"geometry":{"type":"Polygon","coordinates":[[[140.102203,36.094533],[140.102221,36.094507],[140.102255,36.094523],[140.102294,36.094469],[140.102589,36.094606],[140.102551,36.094661],[140.102623,36.094694],[140.102562,36.094781],[140.102231,36.094627],[140.102274,36.094566],[140.102203,36.094533]]]}},{"type":"Feature","properties":{"height":18.8},"geometry":{"type":"Polygon","coordinates":[[[140.099981,36.092763],[140.100164,36.092502],[140.100188,36.092513],[140.1002,36.092496],[140.100231,36.092487],[140.10026,36.0925],[140.100281,36.09247],[140.100348,36.092501],[140.100398,36.09243],[140.100474,36.092465],[140.100424,36.092536],[140.100627,36.09263],[140.100711,36.092636],[140.100702,36.092722],[140.100751,36.092745],[140.100732,36.092772],[140.100714,36.092764],[140.100637,36.092872],[140.100574,36.092843],[140.100506,36.09294],[140.100465,36.092922],[140.100456,36.092935],[140.100421,36.092919],[140.100414,36.092924],[140.100402,36.092929],[140.100377,36.092932],[140.100365,36.09293],[140.10036,36.092938],[140.099981,36.092763]]]}},{"type":"Feature","properties":{"height":17.6},"geometry":{"type":"Polygon","coordinates":[[[140.101465,36.094127],[140.101524,36.094044],[140.10151,36.094037],[140.101532,36.094005],[140.101547,36.094011],[140.101633,36.093888],[140.101746,36.09394],[140.101724,36.093972],[140.101757,36.093987],[140.101814,36.093907],[140.101851,36.093924],[140.101765,36.094047],[140.101728,36.094029],[140.101739,36.094013],[140.101706,36.093998],[140.101577,36.094179],[140.101465,36.094127]]]}},{"type":"Feature","properties":{"height":13.7},"geometry":{"type":"Polygon","coordinates":[[[140.100463,36.092342],[140.100616,36.092124],[140.100965,36.092286],[140.100848,36.092453],[140.100875,36.092466],[140.10084,36.092516],[140.100463,36.092342]]]}},{"type":"Feature","properties":{"height":3},"geometry":{"type":"Polygon","coordinates":[[[140.103679,36.092195],[140.103699,36.092168],[140.103725,36.09218],[140.103706,36.092208],[140.103679,36.092195]]]}},{"type":"Feature","properties":{"height":3},"geometry":{"type":"Polygon","coordinates":[[[140.10365,36.092181],[140.103669,36.092154],[140.103696,36.092166],[140.103676,36.092194],[140.10365,36.092181]]]}},{"type":"Feature","properties":{"height":3},"geometry":{"type":"Polygon","coordinates":[[[140.104663,36.09796],[140.104667,36.097939],[140.104756,36.09795],[140.104752,36.097972],[140.104663,36.09796]]]}},{"type":"Feature","properties":{"height":3},"geometry":{"type":"Polygon","coordinates":[[[140.10386,36.098101],[140.103869,36.098062],[140.10391,36.098068],[140.103901,36.098107],[140.10386,36.098101]]]}},{"type":"Feature","properties":{"height":3},"geometry":{"type":"Polygon","coordinates":[[[140.105796,36.096362],[140.105863,36.096014],[140.105885,36.096017],[140.105818,36.096365],[140.105796,36.096362]]]}},{"type":"Feature","properties":{"height":3},"geometry":{"type":"Polygon","coordinates":[[[140.105915,36.094967],[140.105958,36.094837],[140.105984,36.094843],[140.105941,36.094973],[140.105915,36.094967]]]}},{"type":"Feature","properties":{"height":9.6},"geometry":{"type":"Polygon","coordinates":[[[140.106122,36.093199],[140.106167,36.093133],[140.106205,36.09315],[140.10621,36.093143],[140.106347,36.093205],[140.106341,36.093214],[140.106377,36.093231],[140.106392,36.093209],[140.106427,36.093225],[140.106437,36.093211],[140.106472,36.093227],[140.106481,36.093214],[140.106516,36.09323],[140.106525,36.093217],[140.10656,36.093232],[140.106538,36.093264],[140.106546,36.093267],[140.106535,36.093284],[140.106526,36.09328],[140.106501,36.093316],[140.106458,36.093296],[140.10644,36.093323],[140.106411,36.09331],[140.106417,36.0933],[140.106368,36.093278],[140.106363,36.093285],[140.106343,36.093276],[140.10633,36.093296],[140.106302,36.093283],[140.106298,36.093289],[140.106272,36.093277],[140.106276,36.093271],[140.106239,36.093254],[140.106233,36.093263],[140.106205,36.09325],[140.106212,36.09324],[140.106174,36.093223],[140.106169,36.093231],[140.106144,36.093219],[140.10615,36.093211],[140.106122,36.093199]]]}},{"type":"Feature","properties":{"height":3},"geometry":{"type":"Polygon","coordinates":[[[140.104903,36.095954],[140.104906,36.095937],[140.105031,36.095952],[140.105028,36.095969],[140.104903,36.095954]]]}},{"type":"Feature","properties":{"height":3},"geometry":{"type":"Polygon","coordinates":[[[140.102482,36.093712],[140.102494,36.093694],[140.102512,36.093703],[140.1025,36.093721],[140.102482,36.093712]]]}},{"type":"Feature","properties":{"height":14.7},"geometry":{"type":"Polygon","coordinates":[[[140.104248,36.093128],[140.104269,36.093098],[140.104251,36.093089],[140.104285,36.09304],[140.104489,36.093135],[140.104459,36.093178],[140.104473,36.093184],[140.104461,36.093201],[140.10431,36.093131],[140.104297,36.09315],[140.104248,36.093128]]]}},{"type":"Feature","properties":{"height":3},"geometry":{"type":"Polygon","coordinates":[[[140.104478,36.095167],[140.104524,36.095162],[140.104528,36.095183],[140.104482,36.095188],[140.104478,36.095167]]]}},{"type":"Feature","properties":{"height":3},"geometry":{"type":"Polygon","coordinates":[[[140.100405,36.095106],[140.10041,36.095098],[140.100419,36.095102],[140.100414,36.09511],[140.100405,36.095106]]]}},{"type":"Feature","properties":{"height":23.3},"geometry":{"type":"Polygon","coordinates":[[[140.103968,36.093894],[140.104011,36.093833],[140.104018,36.093836],[140.104023,36.093829],[140.10404,36.093836],[140.104035,36.093844],[140.104047,36.093849],[140.104052,36.093842],[140.104069,36.09385],[140.104064,36.093857],[140.104076,36.093863],[140.104081,36.093856],[140.104098,36.093864],[140.104093,36.093871],[140.104105,36.093876],[140.10411,36.093869],[140.104127,36.093877],[140.104122,36.093884],[140.104135,36.09389],[140.104139,36.093883],[140.104156,36.093891],[140.104152,36.093897],[140.104163,36.093903],[140.104167,36.093896],[140.104184,36.093904],[140.10418,36.09391],[140.104192,36.093916],[140.104196,36.093909],[140.104213,36.093917],[140.104209,36.093924],[140.104222,36.09393],[140.104226,36.093924],[140.104243,36.093931],[140.104239,36.093938],[140.104243,36.09394],[140.104216,36.093979],[140.104224,36.093983],[140.104211,36.094002],[140.104203,36.093999],[140.104187,36.094022],[140.104069,36.093967],[140.104088,36.09394],[140.103994,36.093896],[140.103989,36.093904],[140.103968,36.093894]]]}},{"type":"Feature","properties":{"height":3},"geometry":{"type":"Polygon","coordinates":[[[140.105275,36.094103],[140.105289,36.094085],[140.105432,36.094152],[140.105418,36.094171],[140.105275,36.094103]]]}},{"type":"Feature","properties":{"height":11.3},"geometry":{"type":"Polygon","coordinates":[[[140.104732,36.095162],[140.104758,36.095131],[140.10478,36.095143],[140.104819,36.095095],[140.104798,36.095084],[140.104824,36.095053],[140.104845,36.095065],[140.104885,36.095017],[140.104864,36.095005],[140.104889,36.094975],[140.104964,36.095017],[140.104951,36.095032],[140.104972,36.095043],[140.104919,36.095106],[140.104902,36.095097],[140.104876,36.095128],[140.104892,36.095136],[140.10484,36.095198],[140.10482,36.095187],[140.104807,36.095203],[140.104732,36.095162]]]}},{"type":"Feature","properties":{"height":11.2},"geometry":{"type":"Polygon","coordinates":[[[140.104507,36.098457],[140.104554,36.098428],[140.104572,36.098432],[140.10457,36.098445],[140.104587,36.098447],[140.104584,36.098462],[140.104602,36.098464],[140.104599,36.098479],[140.104618,36.098481],[140.104615,36.098495],[140.104632,36.098498],[140.104628,36.098512],[140.104647,36.098513],[140.104646,36.098519],[140.104663,36.098521],[140.104665,36.098515],[140.104682,36.098518],[140.104685,36.098503],[140.104701,36.098506],[140.104704,36.098491],[140.104721,36.098494],[140.104726,36.09848],[140.104742,36.098483],[140.104745,36.098469],[140.104763,36.09847],[140.104766,36.098456],[140.104789,36.098458],[140.104803,36.098476],[140.104825,36.098463],[140.104848,36.098466],[140.104845,36.09848],[140.104863,36.098483],[140.10486,36.098496],[140.104877,36.098499],[140.104874,36.098514],[140.104893,36.098516],[140.104889,36.09853],[140.104907,36.098532],[140.104903,36.098547],[140.104936,36.098551],[140.104938,36.098536],[140.104956,36.098538],[140.104959,36.098525],[140.104977,36.098527],[140.10498,36.098513],[140.104996,36.098514],[140.104999,36.0985],[140.105017,36.098503],[140.105019,36.098488],[140.105074,36.098529],[140.104885,36.09864],[140.104857,36.098609],[140.104875,36.098598],[140.104799,36.098514],[140.104793,36.098513],[140.104693,36.098571],[140.104682,36.09863],[140.104672,36.098636],[140.10465,36.098633],[140.104642,36.098625],[140.104626,36.098623],[140.104622,36.098645],[140.104611,36.098651],[140.10459,36.098649],[140.104582,36.09864],[140.104598,36.09856],[140.104507,36.098457]]]}},{"type":"Feature","properties":{"height":3.4},"geometry":{"type":"Polygon","coordinates":[[[140.101247,36.094888],[140.101279,36.094841],[140.101301,36.094851],[140.101269,36.094898],[140.101247,36.094888]]]}},{"type":"Feature","properties":{"height":3},"geometry":{"type":"Polygon","coordinates":[[[140.1056,36.09481],[140.105631,36.094711],[140.105656,36.094716],[140.105626,36.094815],[140.1056,36.09481]]]}},{"type":"Feature","properties":{"height":14.8},"geometry":{"type":"Polygon","coordinates":[[[140.104244,36.09365],[140.104269,36.093615],[140.10429,36.093625],[140.104302,36.093608],[140.104308,36.09361],[140.104313,36.093603],[140.10433,36.093611],[140.104326,36.093618],[140.104338,36.093624],[140.104342,36.093618],[140.104359,36.093626],[140.104355,36.093632],[140.104367,36.093638],[140.104371,36.093631],[140.104389,36.093639],[140.104384,36.093646],[140.104396,36.093651],[140.1044,36.093645],[140.104417,36.093653],[140.104413,36.093659],[140.104425,36.093665],[140.104429,36.093658],[140.104446,36.093666],[140.104442,36.093673],[140.104453,36.093678],[140.104457,36.093671],[140.104475,36.093679],[140.10447,36.093686],[140.104482,36.093692],[140.104487,36.093685],[140.104504,36.093693],[140.104499,36.0937],[140.104511,36.093705],[140.104515,36.093698],[140.104533,36.093706],[140.104528,36.093713],[140.10454,36.093718],[140.104544,36.093712],[140.104562,36.09372],[140.104557,36.093726],[140.104568,36.093732],[140.104572,36.093726],[140.10459,36.093733],[140.104585,36.09374],[140.104592,36.093743],[140.1046,36.093731],[140.104606,36.093734],[140.10461,36.093727],[140.104627,36.093735],[140.104623,36.093742],[140.104634,36.093747],[140.104638,36.09374],[140.104656,36.093748],[140.104651,36.093755],[140.104657,36.093758],[140.104666,36.093746],[140.104672,36.093749],[140.104676,36.093742],[140.104693,36.09375],[140.104689,36.093757],[140.1047,36.093762],[140.104704,36.093756],[140.104721,36.093763],[140.104717,36.09377],[140.104724,36.093773],[140.104731,36.093763],[140.104736,36.093765],[140.104741,36.093758],[140.104758,36.093765],[140.104753,36.093773],[140.104766,36.093779],[140.104771,36.093772],[140.104788,36.093779],[140.104783,36.093787],[140.104788,36.093789],[140.10475,36.093842],[140.104707,36.093822],[140.104698,36.093835],[140.10464,36.093807],[140.104633,36.093818],[140.104619,36.093812],[140.104593,36.093852],[140.104491,36.093806],[140.104484,36.093784],[140.104494,36.09377],[140.104244,36.09365]]]}},{"type":"Feature","properties":{"height":4.7},"geometry":{"type":"Polygon","coordinates":[[[140.103784,36.098002],[140.103823,36.097796],[140.104217,36.097845],[140.104178,36.098051],[140.103784,36.098002]]]}},{"type":"Feature","properties":{"height":9.5},"geometry":{"type":"Polygon","coordinates":[[[140.100807,36.092051],[140.100978,36.091808],[140.10098,36.091809],[140.100989,36.091796],[140.101002,36.091801],[140.101001,36.091803],[140.101159,36.091877],[140.101063,36.092013],[140.101245,36.092098],[140.101268,36.092066],[140.101412,36.092133],[140.101391,36.092166],[140.101332,36.092248],[140.101356,36.092259],[140.101315,36.092317],[140.101277,36.0923],[140.101269,36.092312],[140.101179,36.092271],[140.101187,36.092258],[140.101182,36.092266],[140.100963,36.092164],[140.100968,36.092156],[140.100843,36.092098],[140.100863,36.09207],[140.100825,36.092052],[140.100821,36.092057],[140.100807,36.092051]]]}},{"type":"Feature","properties":{"height":3},"geometry":{"type":"Polygon","coordinates":[[[140.103186,36.092699],[140.103198,36.092682],[140.103218,36.092691],[140.103206,36.092709],[140.103186,36.092699]]]}},{"type":"Feature","properties":{"height":20.4},"geometry":{"type":"Polygon","coordinates":[[[140.10025,36.093805],[140.100428,36.093553],[140.100775,36.093715],[140.100596,36.093968],[140.10048,36.093914],[140.100473,36.093924],[140.100355,36.093869],[140.100364,36.093857],[140.10025,36.093805]]]}},{"type":"Feature","properties":{"height":3},"geometry":{"type":"Polygon","coordinates":[[[140.104077,36.097801],[140.104081,36.097779],[140.104237,36.097799],[140.104233,36.097821],[140.104077,36.097801]]]}},{"type":"Feature","properties":{"height":3},"geometry":{"type":"Polygon","coordinates":[[[140.103882,36.094871],[140.103944,36.094782],[140.103986,36.094802],[140.103923,36.09489],[140.103882,36.094871]]]}},{"type":"Feature","properties":{"height":3},"geometry":{"type":"Polygon","coordinates":[[[140.104085,36.097757],[140.104089,36.097735],[140.104167,36.097745],[140.104162,36.097767],[140.104085,36.097757]]]}},{"type":"Feature","properties":{"height":6.1},"geometry":{"type":"Polygon","coordinates":[[[140.104419,36.093262],[140.104446,36.093223],[140.104563,36.093277],[140.104521,36.093338],[140.104462,36.093311],[140.104477,36.093288],[140.104419,36.093262]]]}},{"type":"Feature","properties":{"height":8.8},"geometry":{"type":"Polygon","coordinates":[[[140.101074,36.092838],[140.101093,36.092811],[140.101126,36.092827],[140.101108,36.092854],[140.101074,36.092838]]]}},{"type":"Feature","properties":{"height":9.3},"geometry":{"type":"Polygon","coordinates":[[[140.105088,36.096361],[140.105106,36.096262],[140.105119,36.096264],[140.105136,36.096169],[140.105124,36.096167],[140.105133,36.096116],[140.105257,36.096131],[140.105204,36.096427],[140.10509,36.096414],[140.105099,36.096363],[140.105088,36.096361]]]}},{"type":"Feature","properties":{"height":3},"geometry":{"type":"Polygon","coordinates":[[[140.10108,36.094845],[140.101089,36.094831],[140.101128,36.094847],[140.101119,36.094861],[140.10108,36.094845]]]}},{"type":"Feature","properties":{"height":9.5},"geometry":{"type":"Polygon","coordinates":[[[140.100459,36.094614],[140.100468,36.094599],[140.100491,36.094609],[140.100482,36.094624],[140.100459,36.094614]]]}},{"type":"Feature","properties":{"height":4.4},"geometry":{"type":"Polygon","coordinates":[[[140.103249,36.099119],[140.103366,36.099103],[140.103367,36.09911],[140.103553,36.099085],[140.103623,36.099423],[140.103617,36.099424],[140.103618,36.09943],[140.103321,36.099471],[140.103249,36.099119]]]}},{"type":"Feature","properties":{"height":3},"geometry":{"type":"Polygon","coordinates":[[[140.103932,36.094972],[140.103956,36.09494],[140.103976,36.094949],[140.103952,36.094982],[140.103932,36.094972]]]}},{"type":"Feature","properties":{"height":3},"geometry":{"type":"Polygon","coordinates":[[[140.106367,36.099392],[140.106522,36.09921],[140.106583,36.099244],[140.106427,36.099426],[140.106367,36.099392]]]}},{"type":"Feature","properties":{"height":3},"geometry":{"type":"Polygon","coordinates":[[[140.103162,36.098596],[140.103177,36.098523],[140.103194,36.098526],[140.103183,36.098578],[140.103177,36.098577],[140.103173,36.098598],[140.103162,36.098596]]]}},{"type":"Feature","properties":{"height":3.6},"geometry":{"type":"Polygon","coordinates":[[[140.102471,36.092924],[140.102523,36.09285],[140.102558,36.092866],[140.102506,36.09294],[140.102471,36.092924]]]}},{"type":"Feature","properties":{"height":9.3},"geometry":{"type":"Polygon","coordinates":[[[140.105356,36.096793],[140.105412,36.096499],[140.105528,36.096514],[140.105519,36.096562],[140.105529,36.096563],[140.105509,36.096664],[140.1055,36.096663],[140.105482,36.096756],[140.105493,36.096758],[140.105483,36.096809],[140.105356,36.096793]]]}},{"type":"Feature","properties":{"height":3},"geometry":{"type":"Polygon","coordinates":[[[140.103792,36.096503],[140.103797,36.096479],[140.103815,36.096481],[140.10381,36.096505],[140.103792,36.096503]]]}},{"type":"Feature","properties":{"height":3.7},"geometry":{"type":"Polygon","coordinates":[[[140.105499,36.098825],[140.105511,36.098775],[140.105572,36.098784],[140.10556,36.098835],[140.105499,36.098825]]]}},{"type":"Feature","properties":{"height":3},"geometry":{"type":"Polygon","coordinates":[[[140.104845,36.094812],[140.104868,36.094809],[140.104873,36.094833],[140.104851,36.094837],[140.104845,36.094812]]]}},{"type":"Feature","properties":{"height":35.6},"geometry":{"type":"Polygon","coordinates":[[[140.101589,36.094435],[140.101841,36.094079],[140.102086,36.094192],[140.101834,36.094549],[140.101747,36.094508],[140.10172,36.094547],[140.101641,36.09451],[140.101668,36.094472],[140.101589,36.094435]]]}},{"type":"Feature","properties":{"height":3},"geometry":{"type":"Polygon","coordinates":[[[140.104241,36.098054],[140.104254,36.097992],[140.104318,36.098002],[140.104304,36.098064],[140.104241,36.098054]]]}},{"type":"Feature","properties":{"height":3},"geometry":{"type":"Polygon","coordinates":[[[140.103824,36.09555],[140.103837,36.095529],[140.103866,36.095541],[140.103853,36.095562],[140.103824,36.09555]]]}},{"type":"Feature","properties":{"height":3},"geometry":{"type":"Polygon","coordinates":[[[140.105301,36.096862],[140.105305,36.096846],[140.10549,36.096869],[140.105487,36.096885],[140.105301,36.096862]]]}},{"type":"Feature","properties":{"height":3},"geometry":{"type":"Polygon","coordinates":[[[140.103834,36.096278],[140.103839,36.096255],[140.103858,36.096257],[140.103854,36.096281],[140.103834,36.096278]]]}},{"type":"Feature","properties":{"height":3.5},"geometry":{"type":"Polygon","coordinates":[[[140.100586,36.09527],[140.100644,36.095185],[140.100661,36.095193],[140.100667,36.095185],[140.100709,36.095204],[140.100702,36.095214],[140.100747,36.095234],[140.100751,36.095228],[140.100802,36.095251],[140.100798,36.095257],[140.100812,36.095264],[140.100756,36.095346],[140.100586,36.09527]]]}},{"type":"Feature","properties":{"height":3},"geometry":{"type":"Polygon","coordinates":[[[140.104231,36.095222],[140.104264,36.095176],[140.104287,36.095186],[140.104254,36.095233],[140.104231,36.095222]]]}},{"type":"Feature","properties":{"height":8.9},"geometry":{"type":"Polygon","coordinates":[[[140.105684,36.093788],[140.105845,36.093752],[140.105852,36.093773],[140.105692,36.093809],[140.105684,36.093788]]]}},{"type":"Feature","properties":{"height":7.6},"geometry":{"type":"Polygon","coordinates":[[[140.102362,36.09438],[140.1024,36.094326],[140.102414,36.094332],[140.102442,36.094292],[140.102618,36.094374],[140.102545,36.094477],[140.102369,36.094395],[140.102376,36.094386],[140.102362,36.09438]]]}},{"type":"Feature","properties":{"height":3},"geometry":{"type":"Polygon","coordinates":[[[140.104825,36.094853],[140.104853,36.094849],[140.104868,36.094918],[140.104841,36.094922],[140.104825,36.094853]]]}},{"type":"Feature","properties":{"height":3},"geometry":{"type":"Polygon","coordinates":[[[140.103107,36.097411],[140.103111,36.09739],[140.103225,36.097404],[140.103221,36.097426],[140.103107,36.097411]]]}},{"type":"Feature","properties":{"height":3},"geometry":{"type":"Polygon","coordinates":[[[140.100572,36.093084],[140.100582,36.093067],[140.100619,36.093083],[140.100609,36.093099],[140.100572,36.093084]]]}},{"type":"Feature","properties":{"height":3},"geometry":{"type":"Polygon","coordinates":[[[140.104039,36.095573],[140.104097,36.09549],[140.10412,36.095501],[140.104062,36.095584],[140.104039,36.095573]]]}},{"type":"Feature","properties":{"height":3},"geometry":{"type":"Polygon","coordinates":[[[140.104896,36.095988],[140.1049,36.095971],[140.105027,36.095987],[140.105023,36.096005],[140.104896,36.095988]]]}},{"type":"Feature","properties":{"height":3},"geometry":{"type":"Polygon","coordinates":[[[140.105204,36.098559],[140.105292,36.098551],[140.105295,36.098573],[140.105208,36.098581],[140.105204,36.098559]]]}},{"type":"Feature","properties":{"height":3.5},"geometry":{"type":"Polygon","coordinates":[[[140.10396,36.095353],[140.103975,36.095333],[140.104003,36.095346],[140.103989,36.095367],[140.10396,36.095353]]]}},{"type":"Feature","properties":{"height":23.4},"geometry":{"type":"Polygon","coordinates":[[[140.100969,36.093636],[140.101002,36.093589],[140.100987,36.093582],[140.101041,36.093504],[140.101057,36.093511],[140.101089,36.093465],[140.101504,36.093657],[140.101472,36.093702],[140.101487,36.093709],[140.101432,36.093788],[140.101417,36.093781],[140.101384,36.093828],[140.100969,36.093636]]]}},{"type":"Feature","properties":{"height":3},"geometry":{"type":"Polygon","coordinates":[[[140.105373,36.097461],[140.105394,36.097449],[140.105415,36.097473],[140.105393,36.097485],[140.105373,36.097461]]]}},{"type":"Feature","properties":{"height":3},"geometry":{"type":"Polygon","coordinates":[[[140.10417,36.09776],[140.104174,36.097739],[140.104252,36.097748],[140.104248,36.09777],[140.10417,36.09776]]]}},{"type":"Feature","properties":{"height":3.1},"geometry":{"type":"Polygon","coordinates":[[[140.107507,36.099363],[140.10754,36.099318],[140.107565,36.09933],[140.107531,36.099375],[140.107507,36.099363]]]}},{"type":"Feature","properties":{"height":3},"geometry":{"type":"Polygon","coordinates":[[[140.103918,36.096131],[140.103936,36.096035],[140.103962,36.096039],[140.103944,36.096134],[140.103918,36.096131]]]}},{"type":"Feature","properties":{"height":3},"geometry":{"type":"Polygon","coordinates":[[[140.103761,36.094959],[140.103775,36.094939],[140.103834,36.094967],[140.10382,36.094986],[140.103761,36.094959]]]}},{"type":"Feature","properties":{"height":3},"geometry":{"type":"Polygon","coordinates":[[[140.102923,36.09247],[140.102957,36.092419],[140.102981,36.09243],[140.102946,36.09248],[140.102923,36.09247]]]}},{"type":"Feature","properties":{"height":13},"geometry":{"type":"Polygon","coordinates":[[[140.102298,36.094068],[140.102313,36.094047],[140.102379,36.094078],[140.102381,36.094075],[140.102359,36.094065],[140.1024,36.094007],[140.102704,36.094147],[140.102618,36.094269],[140.102337,36.094138],[140.102364,36.094099],[140.102298,36.094068]]]}},{"type":"Feature","properties":{"height":3},"geometry":{"type":"Polygon","coordinates":[[[140.102409,36.095013],[140.102419,36.094998],[140.102442,36.095009],[140.102432,36.095024],[140.102409,36.095013]]]}},{"type":"Feature","properties":{"height":3},"geometry":{"type":"Polygon","coordinates":[[[140.107604,36.09943],[140.107638,36.099389],[140.107684,36.099415],[140.10765,36.099456],[140.107604,36.09943]]]}},{"type":"Feature","properties":{"height":11.7},"geometry":{"type":"Polygon","coordinates":[[[140.102781,36.098544],[140.102805,36.098421],[140.102812,36.098422],[140.102827,36.098345],[140.10284,36.098346],[140.102864,36.098226],[140.102851,36.098224],[140.102866,36.098144],[140.102859,36.098143],[140.102883,36.098022],[140.102996,36.098037],[140.102965,36.098196],[140.102985,36.098199],[140.102945,36.098401],[140.102925,36.098398],[140.102893,36.098558],[140.102781,36.098544]]]}},{"type":"Feature","properties":{"height":3},"geometry":{"type":"Polygon","coordinates":[[[140.105802,36.09513],[140.105846,36.094999],[140.105867,36.095004],[140.105822,36.095135],[140.105802,36.09513]]]}},{"type":"Feature","properties":{"height":4.1},"geometry":{"type":"Polygon","coordinates":[[[140.100371,36.094721],[140.100381,36.094707],[140.100407,36.094718],[140.100397,36.094733],[140.100371,36.094721]]]}},{"type":"Feature","properties":{"height":3},"geometry":{"type":"Polygon","coordinates":[[[140.102121,36.094688],[140.102137,36.094666],[140.102353,36.094767],[140.102337,36.09479],[140.102121,36.094688]]]}},{"type":"Feature","properties":{"height":12.5},"geometry":{"type":"Polygon","coordinates":[[[140.10242,36.097841],[140.102492,36.09753],[140.1026,36.097546],[140.102603,36.097533],[140.102645,36.09754],[140.102642,36.097553],[140.102683,36.097559],[140.10267,36.097618],[140.102694,36.097622],[140.102642,36.097846],[140.102589,36.097838],[140.102585,36.097855],[140.102547,36.097849],[140.102544,36.09786],[140.10242,36.097841]]]}},{"type":"Feature","properties":{"height":23.3},"geometry":{"type":"Polygon","coordinates":[[[140.104211,36.094002],[140.104224,36.093983],[140.104216,36.093979],[140.104226,36.093964],[140.104246,36.093973],[140.104222,36.094007],[140.104211,36.094002]]]}},{"type":"Feature","properties":{"height":9.2},"geometry":{"type":"Polygon","coordinates":[[[140.105595,36.093127],[140.105623,36.093087],[140.105641,36.093094],[140.105648,36.093083],[140.105664,36.093091],[140.105673,36.093077],[140.10569,36.093084],[140.105697,36.093073],[140.105713,36.09308],[140.105723,36.093066],[140.10574,36.093074],[140.105747,36.093061],[140.105762,36.093069],[140.105772,36.093055],[140.105789,36.093062],[140.105795,36.093052],[140.105811,36.093058],[140.105822,36.093041],[140.105887,36.093071],[140.10589,36.093067],[140.105915,36.093077],[140.105912,36.093082],[140.105984,36.093116],[140.105987,36.093112],[140.106014,36.093123],[140.105988,36.09316],[140.106014,36.093171],[140.105988,36.093208],[140.105839,36.093138],[140.105692,36.093171],[140.105683,36.093142],[140.105648,36.093151],[140.105595,36.093127]]]}},{"type":"Feature","properties":{"height":3},"geometry":{"type":"Polygon","coordinates":[[[140.10593,36.093299],[140.105972,36.093237],[140.105999,36.093249],[140.105957,36.093311],[140.10593,36.093299]]]}},{"type":"Feature","properties":{"height":3},"geometry":{"type":"Polygon","coordinates":[[[140.103527,36.096693],[140.103531,36.09667],[140.103578,36.096676],[140.103574,36.096698],[140.103527,36.096693]]]}},{"type":"Feature","properties":{"height":3.5},"geometry":{"type":"Polygon","coordinates":[[[140.104098,36.095156],[140.104113,36.095136],[140.104143,36.09515],[140.104128,36.09517],[140.104098,36.095156]]]}},{"type":"Feature","properties":{"height":8.8},"geometry":{"type":"Polygon","coordinates":[[[140.105597,36.093127],[140.105648,36.093151],[140.105683,36.093142],[140.105692,36.093171],[140.105616,36.093187],[140.105597,36.093127]]]}},{"type":"Feature","properties":{"height":15.7},"geometry":{"type":"Polygon","coordinates":[[[140.102348,36.093205],[140.102431,36.093086],[140.102386,36.093065],[140.102474,36.092939],[140.102506,36.092954],[140.102642,36.09276],[140.102659,36.092768],[140.102695,36.092716],[140.102789,36.092759],[140.102878,36.092633],[140.103128,36.092749],[140.103075,36.092825],[140.10309,36.092832],[140.102932,36.093058],[140.102971,36.093076],[140.102926,36.093141],[140.102892,36.093125],[140.102869,36.093159],[140.102719,36.09309],[140.102576,36.093121],[140.102559,36.093144],[140.102527,36.093151],[140.102455,36.093254],[140.102348,36.093205]]]}},{"type":"Feature","properties":{"height":3},"geometry":{"type":"Polygon","coordinates":[[[140.103249,36.093733],[140.103306,36.093652],[140.10333,36.093663],[140.103272,36.093744],[140.103249,36.093733]]]}},{"type":"Feature","properties":{"height":3},"geometry":{"type":"Polygon","coordinates":[[[140.103497,36.099068],[140.103526,36.099064],[140.103529,36.099079],[140.1035,36.099082],[140.103497,36.099068]]]}},{"type":"Feature","properties":{"height":3},"geometry":{"type":"Polygon","coordinates":[[[140.107768,36.099522],[140.107803,36.099481],[140.107848,36.099507],[140.107814,36.099548],[140.107768,36.099522]]]}},{"type":"Feature","properties":{"height":3},"geometry":{"type":"Polygon","coordinates":[[[140.104424,36.097625],[140.104428,36.097601],[140.104597,36.097623],[140.104593,36.097646],[140.104424,36.097625]]]}},{"type":"Feature","properties":{"height":3},"geometry":{"type":"Polygon","coordinates":[[[140.10038,36.094155],[140.100441,36.094066],[140.10046,36.094075],[140.100399,36.094164],[140.10038,36.094155]]]}},{"type":"Feature","properties":{"height":11.2},"geometry":{"type":"Polygon","coordinates":[[[140.104156,36.095439],[140.104178,36.095408],[140.1042,36.095418],[140.104235,36.095368],[140.104213,36.095358],[140.104236,36.095325],[140.104259,36.095335],[140.104294,36.095285],[140.104272,36.095275],[140.104294,36.095243],[140.104374,36.09528],[140.104363,36.095296],[140.104383,36.095305],[140.104338,36.095371],[140.10432,36.095363],[140.104296,36.095397],[140.104313,36.095405],[140.104268,36.095469],[140.104247,36.09546],[140.104236,36.095476],[140.104156,36.095439]]]}},{"type":"Feature","properties":{"height":3},"geometry":{"type":"Polygon","coordinates":[[[140.103877,36.096817],[140.103895,36.096807],[140.103939,36.096859],[140.103922,36.096869],[140.103877,36.096817]]]}},{"type":"Feature","properties":{"height":8.4},"geometry":{"type":"Polygon","coordinates":[[[140.105744,36.093159],[140.105839,36.093138],[140.105845,36.093141],[140.105809,36.093188],[140.105744,36.093159]]]}},{"type":"Feature","properties":{"height":3},"geometry":{"type":"Polygon","coordinates":[[[140.104646,36.094658],[140.104661,36.094637],[140.104688,36.094648],[140.104673,36.09467],[140.104646,36.094658]]]}},{"type":"Feature","properties":{"height":3},"geometry":{"type":"Polygon","coordinates":[[[140.102696,36.097651],[140.102712,36.097563],[140.102736,36.097566],[140.10272,36.097654],[140.102696,36.097651]]]}},{"type":"Feature","properties":{"height":3},"geometry":{"type":"Polygon","coordinates":[[[140.103917,36.097728],[140.103921,36.097706],[140.10396,36.097711],[140.103956,36.097733],[140.103917,36.097728]]]}},{"type":"Feature","properties":{"height":3},"geometry":{"type":"Polygon","coordinates":[[[140.103445,36.097178],[140.103449,36.097156],[140.103495,36.097161],[140.103491,36.097183],[140.103445,36.097178]]]}},{"type":"Feature","properties":{"height":3},"geometry":{"type":"Polygon","coordinates":[[[140.101025,36.095269],[140.101036,36.09525],[140.101082,36.095269],[140.10107,36.095288],[140.101025,36.095269]]]}},{"type":"Feature","properties":{"height":8.8},"geometry":{"type":"Polygon","coordinates":[[[140.100391,36.094758],[140.100606,36.094456],[140.101142,36.094706],[140.101043,36.094846],[140.101124,36.094884],[140.100958,36.095119],[140.10049,36.0949],[140.100541,36.094828],[140.100391,36.094758]]]}},{"type":"Feature","properties":{"height":7.8},"geometry":{"type":"Polygon","coordinates":[[[140.10331,36.098079],[140.103323,36.098008],[140.103351,36.098011],[140.103448,36.097955],[140.103436,36.097943],[140.10347,36.097923],[140.103472,36.097927],[140.103504,36.097909],[140.103496,36.0979],[140.103518,36.097887],[140.103527,36.097896],[140.103548,36.097883],[140.103539,36.097874],[140.103561,36.097861],[140.103569,36.097871],[140.1036,36.097853],[140.103596,36.097849],[140.10363,36.097829],[140.10364,36.097841],[140.103734,36.097786],[140.103739,36.097759],[140.103827,36.097772],[140.103783,36.098003],[140.103701,36.097993],[140.103694,36.098025],[140.103649,36.098051],[140.103619,36.098047],[140.103605,36.098118],[140.10331,36.098079]]]}},{"type":"Feature","properties":{"height":3},"geometry":{"type":"Polygon","coordinates":[[[140.101231,36.094897],[140.101238,36.094888],[140.101248,36.094893],[140.101241,36.094902],[140.101231,36.094897]]]}},{"type":"Feature","properties":{"height":6.2},"geometry":{"type":"Polygon","coordinates":[[[140.101509,36.092353],[140.101571,36.092265],[140.101732,36.092339],[140.101742,36.092323],[140.101834,36.092365],[140.101769,36.092458],[140.10186,36.0925],[140.101864,36.092494],[140.101888,36.092505],[140.101884,36.092511],[140.101906,36.092521],[140.10197,36.092429],[140.10203,36.092457],[140.101871,36.092684],[140.10173,36.092619],[140.101719,36.092635],[140.101547,36.092556],[140.101645,36.092415],[140.101509,36.092353]]]}},{"type":"Feature","properties":{"height":11.4},"geometry":{"type":"Polygon","coordinates":[[[140.105683,36.094407],[140.105708,36.094335],[140.105845,36.094364],[140.105837,36.094388],[140.105845,36.094399],[140.105873,36.094405],[140.105838,36.094511],[140.105931,36.094643],[140.105962,36.09465],[140.105965,36.09464],[140.105992,36.094645],[140.105989,36.094656],[140.106019,36.094662],[140.106181,36.094585],[140.106227,36.09465],[140.106184,36.094668],[140.106173,36.094651],[140.10603,36.094718],[140.106024,36.094739],[140.106012,36.094743],[140.105971,36.094736],[140.105965,36.094727],[140.105972,36.094705],[140.105945,36.0947],[140.105929,36.094749],[140.10592,36.094754],[140.105879,36.094745],[140.105873,36.094737],[140.105888,36.094688],[140.105768,36.094519],[140.105801,36.094414],[140.105799,36.094409],[140.105741,36.094397],[140.105734,36.094418],[140.105683,36.094407]]]}},{"type":"Feature","properties":{"height":3},"geometry":{"type":"Polygon","coordinates":[[[140.104472,36.094528],[140.104592,36.094355],[140.104615,36.094366],[140.104494,36.094539],[140.104472,36.094528]]]}},{"type":"Feature","properties":{"height":3},"geometry":{"type":"Polygon","coordinates":[[[140.104511,36.095986],[140.104515,36.095968],[140.10479,36.096003],[140.104787,36.09602],[140.104511,36.095986]]]}},{"type":"Feature","properties":{"height":3},"geometry":{"type":"Polygon","coordinates":[[[140.105695,36.094446],[140.105702,36.094425],[140.105786,36.094443],[140.105779,36.094464],[140.105695,36.094446]]]}},{"type":"Feature","properties":{"height":3},"geometry":{"type":"Polygon","coordinates":[[[140.1042,36.095335],[140.104214,36.095315],[140.104236,36.095325],[140.104222,36.095345],[140.1042,36.095335]]]}},{"type":"Feature","properties":{"height":9.3},"geometry":{"type":"Polygon","coordinates":[[[140.105118,36.096011],[140.105135,36.095919],[140.105616,36.095979],[140.105599,36.096074],[140.105536,36.096066],[140.105535,36.096074],[140.105411,36.096059],[140.105413,36.096049],[140.105297,36.096035],[140.105296,36.096043],[140.105174,36.096028],[140.105176,36.096018],[140.105118,36.096011]]]}},{"type":"Feature","properties":{"height":3},"geometry":{"type":"Polygon","coordinates":[[[140.103678,36.095631],[140.103691,36.095612],[140.103766,36.095647],[140.103752,36.095666],[140.103678,36.095631]]]}},{"type":"Feature","properties":{"height":3},"geometry":{"type":"Polygon","coordinates":[[[140.105312,36.094049],[140.105326,36.094029],[140.105471,36.094098],[140.105457,36.094117],[140.105312,36.094049]]]}},{"type":"Feature","properties":{"height":3.3},"geometry":{"type":"Polygon","coordinates":[[[140.104374,36.093986],[140.104379,36.093979],[140.104388,36.093983],[140.104405,36.093959],[140.104428,36.09397],[140.104406,36.094001],[140.104402,36.093999],[140.104407,36.093992],[140.10439,36.093984],[140.104385,36.093991],[140.104374,36.093986]]]}},{"type":"Feature","properties":{"height":3},"geometry":{"type":"Polygon","coordinates":[[[140.103458,36.099073],[140.103487,36.099069],[140.10349,36.099084],[140.103461,36.099088],[140.103458,36.099073]]]}},{"type":"Feature","properties":{"height":3},"geometry":{"type":"Polygon","coordinates":[[[140.103097,36.097454],[140.103101,36.097431],[140.103305,36.097457],[140.103301,36.097479],[140.103097,36.097454]]]}},{"type":"Feature","properties":{"height":3.4},"geometry":{"type":"Polygon","coordinates":[[[140.104075,36.094937],[140.104098,36.094904],[140.104145,36.094925],[140.104127,36.09495],[140.104114,36.094944],[140.104111,36.094948],[140.1041,36.094943],[140.104097,36.094947],[140.104075,36.094937]]]}},{"type":"Feature","properties":{"height":3},"geometry":{"type":"Polygon","coordinates":[[[140.10385,36.097222],[140.103883,36.097056],[140.10391,36.097059],[140.103878,36.097225],[140.10385,36.097222]]]}},{"type":"Feature","properties":{"height":3},"geometry":{"type":"Polygon","coordinates":[[[140.104305,36.09487],[140.104317,36.094852],[140.104365,36.094872],[140.104353,36.094891],[140.104305,36.09487]]]}},{"type":"Feature","properties":{"height":3},"geometry":{"type":"Polygon","coordinates":[[[140.102947,36.097935],[140.102951,36.097913],[140.103068,36.097928],[140.103064,36.097949],[140.102947,36.097935]]]}},{"type":"Feature","properties":{"height":3},"geometry":{"type":"Polygon","coordinates":[[[140.103024,36.097909],[140.103028,36.09789],[140.103079,36.097897],[140.103075,36.097916],[140.103024,36.097909]]]}},{"type":"Feature","properties":{"height":3},"geometry":{"type":"Polygon","coordinates":[[[140.103835,36.097486],[140.10384,36.097462],[140.103858,36.097464],[140.103853,36.097488],[140.103835,36.097486]]]}},{"type":"Feature","properties":{"height":3},"geometry":{"type":"Polygon","coordinates":[[[140.104678,36.097784],[140.104681,36.097764],[140.104747,36.097772],[140.104744,36.097792],[140.104678,36.097784]]]}},{"type":"Feature","properties":{"height":3},"geometry":{"type":"Polygon","coordinates":[[[140.103885,36.095502],[140.103968,36.095384],[140.103992,36.095395],[140.103909,36.095513],[140.103885,36.095502]]]}},{"type":"Feature","properties":{"height":9.8},"geometry":{"type":"Polygon","coordinates":[[[140.105635,36.096332],[140.105654,36.096232],[140.105666,36.096234],[140.105684,36.096139],[140.105672,36.096137],[140.105692,36.096037],[140.105702,36.096038],[140.105712,36.095989],[140.105827,36.096004],[140.105753,36.096395],[140.105637,36.09638],[140.105646,36.096333],[140.105635,36.096332]]]}},{"type":"Feature","properties":{"height":11.3},"geometry":{"type":"Polygon","coordinates":[[[140.104268,36.097424],[140.104314,36.097397],[140.104333,36.097398],[140.10433,36.097412],[140.104349,36.097414],[140.104345,36.097428],[140.104363,36.097431],[140.10436,36.097445],[140.104378,36.097447],[140.104375,36.097461],[140.104392,36.097464],[140.10439,36.097477],[140.104422,36.097482],[140.104425,36.097468],[140.104442,36.09747],[140.104445,36.097455],[140.104462,36.097458],[140.104465,36.097444],[140.104483,36.097446],[140.104485,36.097432],[140.104503,36.097433],[140.104505,36.09742],[140.104529,36.097423],[140.104543,36.09744],[140.104564,36.097427],[140.104588,36.09743],[140.104585,36.097444],[140.104603,36.097447],[140.1046,36.097461],[140.104618,36.097463],[140.104614,36.097477],[140.104632,36.09748],[140.10463,36.097494],[140.104647,36.097496],[140.104644,36.09751],[140.104662,36.097512],[140.104661,36.097518],[140.104678,36.09752],[140.104679,36.097514],[140.104695,36.097517],[140.104699,36.097502],[140.104716,36.097505],[140.104719,36.09749],[140.104739,36.097479],[140.104757,36.097481],[140.104759,36.097467],[140.104777,36.097469],[140.10478,36.097455],[140.104804,36.097458],[140.104819,36.097474],[140.104838,36.097463],[140.104863,36.097465],[140.10486,36.097479],[140.104878,36.097482],[140.104874,36.097495],[140.104892,36.097498],[140.104889,36.097512],[140.104906,36.097514],[140.104904,36.097528],[140.104922,36.097531],[140.104916,36.097546],[140.104933,36.097547],[140.10493,36.097563],[140.10495,36.097565],[140.104953,36.09755],[140.10497,36.097553],[140.104973,36.097538],[140.104991,36.097541],[140.104995,36.097526],[140.105011,36.097529],[140.105014,36.097514],[140.105032,36.097517],[140.105034,36.097501],[140.105052,36.097505],[140.105055,36.097489],[140.105075,36.097492],[140.105092,36.097509],[140.105113,36.097496],[140.105135,36.097498],[140.105132,36.097514],[140.105149,36.097517],[140.105146,36.097531],[140.105166,36.097533],[140.105161,36.097548],[140.105179,36.09755],[140.105176,36.097564],[140.105192,36.097566],[140.10519,36.097581],[140.105226,36.097585],[140.105229,36.097571],[140.105245,36.097574],[140.105248,36.097558],[140.105265,36.097561],[140.105268,36.097545],[140.105286,36.097549],[140.105289,36.097534],[140.105307,36.097536],[140.105309,36.097521],[140.105329,36.097525],[140.105362,36.097563],[140.105173,36.097674],[140.105145,36.097642],[140.105164,36.097631],[140.105089,36.097547],[140.105082,36.097546],[140.104982,36.097605],[140.104966,36.097685],[140.104956,36.097692],[140.104935,36.097689],[140.104927,36.09768],[140.104932,36.097659],[140.104913,36.097657],[140.104904,36.097662],[140.104883,36.097659],[140.104875,36.09765],[140.104887,36.097593],[140.104814,36.097511],[140.104808,36.097511],[140.104708,36.097569],[140.104697,36.097628],[140.104665,36.097632],[140.104659,36.097624],[140.10464,36.097622],[140.104636,36.097644],[140.104625,36.09765],[140.104604,36.097647],[140.104597,36.097638],[140.104614,36.097558],[140.104541,36.097477],[140.104534,36.097476],[140.104429,36.097538],[140.104443,36.097553],[140.104406,36.097575],[140.104392,36.09756],[140.10439,36.097561],[140.104268,36.097424]]]}},{"type":"Feature","properties":{"height":17.3},"geometry":{"type":"Polygon","coordinates":[[[140.102806,36.097673],[140.102823,36.097585],[140.102835,36.097587],[140.102837,36.097578],[140.102893,36.097585],[140.102891,36.097595],[140.102905,36.097596],[140.102907,36.097587],[140.102963,36.097594],[140.102961,36.097603],[140.102974,36.097604],[140.102976,36.097595],[140.103033,36.097603],[140.103031,36.097612],[140.103046,36.097614],[140.103047,36.097605],[140.103104,36.097612],[140.103103,36.09762],[140.103113,36.097622],[140.10311,36.097638],[140.103134,36.097641],[140.103126,36.097686],[140.102934,36.097662],[140.102929,36.097687],[140.102806,36.097673]]]}},{"type":"Feature","properties":{"height":3},"geometry":{"type":"Polygon","coordinates":[[[140.103923,36.097036],[140.103927,36.097013],[140.103946,36.097015],[140.103942,36.097039],[140.103923,36.097036]]]}},{"type":"Feature","properties":{"height":8.8},"geometry":{"type":"Polygon","coordinates":[[[140.103383,36.092526],[140.10342,36.092474],[140.103391,36.09246],[140.103604,36.092161],[140.103873,36.092287],[140.10366,36.092586],[140.103632,36.092573],[140.103595,36.092625],[140.103383,36.092526]]]}},{"type":"Feature","properties":{"height":3},"geometry":{"type":"Polygon","coordinates":[[[140.104743,36.096968],[140.104747,36.09695],[140.104757,36.096951],[140.104753,36.096969],[140.104743,36.096968]]]}},{"type":"Feature","properties":{"height":3.7},"geometry":{"type":"Polygon","coordinates":[[[140.103385,36.093735],[140.103426,36.093676],[140.103523,36.09372],[140.103482,36.093779],[140.103385,36.093735]]]}},{"type":"Feature","properties":{"height":8.6},"geometry":{"type":"Polygon","coordinates":[[[140.10465,36.097913],[140.104661,36.097848],[140.104676,36.097838],[140.104686,36.097849],[140.104702,36.09784],[140.104712,36.097852],[140.104726,36.097844],[140.104735,36.097855],[140.10475,36.097845],[140.10476,36.097857],[140.104775,36.09785],[140.104786,36.09786],[140.1048,36.097852],[140.104811,36.097864],[140.104825,36.097854],[140.104836,36.097867],[140.104849,36.09786],[140.104859,36.09787],[140.104874,36.097862],[140.104884,36.097873],[140.104899,36.097865],[140.104914,36.097881],[140.104909,36.097902],[140.104933,36.097906],[140.104947,36.097921],[140.104934,36.097929],[140.104944,36.097942],[140.10493,36.097949],[140.10494,36.097961],[140.104926,36.097969],[140.104936,36.097981],[140.104923,36.097989],[140.104932,36.098002],[140.104919,36.09801],[140.104928,36.098021],[140.104915,36.098029],[140.104925,36.098039],[140.104938,36.098032],[140.104949,36.098043],[140.104963,36.098034],[140.104974,36.098046],[140.104988,36.098037],[140.104999,36.098049],[140.105012,36.098041],[140.105023,36.098053],[140.105037,36.098044],[140.105047,36.098056],[140.105061,36.098047],[140.105076,36.098065],[140.105072,36.098084],[140.105097,36.098087],[140.105112,36.098103],[140.105098,36.098111],[140.105108,36.098123],[140.105094,36.098132],[140.105105,36.098143],[140.105091,36.098151],[140.105101,36.098163],[140.105087,36.098171],[140.105098,36.098183],[140.105083,36.098192],[140.105101,36.098212],[140.105116,36.098205],[140.105127,36.098216],[140.105141,36.098207],[140.105151,36.098219],[140.105165,36.09821],[140.105175,36.098222],[140.10519,36.098214],[140.1052,36.098225],[140.105215,36.098217],[140.105229,36.098232],[140.105225,36.098253],[140.105251,36.098256],[140.105264,36.098272],[140.10525,36.09828],[140.105261,36.098293],[140.105246,36.0983],[140.105257,36.098312],[140.105243,36.09832],[140.105253,36.098332],[140.105238,36.098341],[140.105249,36.098352],[140.105234,36.09836],[140.105246,36.098372],[140.10524,36.098375],[140.10525,36.098386],[140.105255,36.098383],[140.105265,36.098394],[140.10528,36.098386],[140.10529,36.098398],[140.105304,36.098389],[140.105315,36.098401],[140.105329,36.098392],[140.10534,36.098404],[140.105354,36.098396],[140.105363,36.098407],[140.105379,36.098399],[140.105393,36.098414],[140.105388,36.098436],[140.105414,36.098438],[140.105427,36.098454],[140.105413,36.098463],[140.105424,36.098474],[140.10541,36.098482],[140.105421,36.098495],[140.105406,36.098503],[140.105416,36.098514],[140.105402,36.098522],[140.105413,36.098534],[140.105398,36.098543],[140.105409,36.098554],[140.105392,36.098564],[140.105311,36.098552],[140.105319,36.098515],[140.105341,36.098518],[140.105354,36.09846],[140.105348,36.098455],[140.105225,36.09844],[140.105145,36.098488],[140.105132,36.098486],[140.10512,36.098472],[140.105122,36.098462],[140.105145,36.098449],[140.105133,36.098438],[140.105122,36.098436],[140.105109,36.098422],[140.105112,36.098412],[140.105171,36.098376],[140.10519,36.098278],[140.105184,36.098273],[140.10501,36.098251],[140.105037,36.098109],[140.105033,36.098104],[140.104912,36.098089],[140.10484,36.098122],[140.104827,36.098107],[140.104829,36.098099],[140.104818,36.098087],[140.104783,36.098098],[140.104772,36.098083],[140.104774,36.098073],[140.104856,36.098026],[140.104874,36.097928],[140.104869,36.09792],[140.104701,36.097898],[140.104696,36.097919],[140.10465,36.097913]]]}},{"type":"Feature","properties":{"height":11.1},"geometry":{"type":"Polygon","coordinates":[[[140.102194,36.093362],[140.102397,36.093072],[140.102426,36.093085],[140.102222,36.093375],[140.102194,36.093362]]]}},{"type":"Feature","properties":{"height":3},"geometry":{"type":"Polygon","coordinates":[[[140.101344,36.094965],[140.101355,36.094952],[140.101372,36.094961],[140.101361,36.094975],[140.101344,36.094965]]]}},{"type":"Feature","properties":{"height":3},"geometry":{"type":"Polygon","coordinates":[[[140.101513,36.093798],[140.101555,36.093738],[140.101581,36.09375],[140.101538,36.09381],[140.101513,36.093798]]]}},{"type":"Feature","properties":{"height":23.7},"geometry":{"type":"Polygon","coordinates":[[[140.100593,36.092972],[140.100624,36.092927],[140.1006,36.092916],[140.100614,36.092896],[140.100638,36.092907],[140.100752,36.092745],[140.101571,36.093123],[140.101596,36.093088],[140.101622,36.0931],[140.101298,36.093561],[140.101265,36.093545],[140.101404,36.093347],[140.100593,36.092972]]]}},{"type":"Feature","properties":{"height":3},"geometry":{"type":"Polygon","coordinates":[[[140.105439,36.094034],[140.105453,36.094015],[140.10551,36.094042],[140.105496,36.094061],[140.105439,36.094034]]]}},{"type":"Feature","properties":{"height":8.2},"geometry":{"type":"Polygon","coordinates":[[[140.10189,36.094593],[140.102158,36.094213],[140.10236,36.094307],[140.102113,36.094658],[140.102061,36.094633],[140.10204,36.094663],[140.10189,36.094593]]]}},{"type":"Feature","properties":{"height":9.2},"geometry":{"type":"Polygon","coordinates":[[[140.102538,36.097312],[140.102548,36.097261],[140.102698,36.097282],[140.102695,36.097298],[140.102841,36.097318],[140.102845,36.097298],[140.102944,36.097312],[140.102946,36.097302],[140.102995,36.097309],[140.102997,36.0973],[140.103196,36.097326],[140.103185,36.097377],[140.103039,36.097357],[140.103024,36.097426],[140.102972,36.097419],[140.102974,36.09741],[140.102942,36.097405],[140.102943,36.097404],[140.102902,36.097398],[140.10291,36.097361],[140.10286,36.097354],[140.102857,36.097373],[140.102719,36.097354],[140.102711,36.097394],[140.102678,36.09739],[140.102676,36.097399],[140.102623,36.097392],[140.102637,36.097326],[140.102538,36.097312]]]}},{"type":"Feature","properties":{"height":11.6},"geometry":{"type":"Polygon","coordinates":[[[140.102939,36.092391],[140.103273,36.091918],[140.103369,36.091963],[140.103373,36.091958],[140.10346,36.091998],[140.103457,36.092004],[140.103502,36.092025],[140.10351,36.092013],[140.103553,36.092033],[140.103545,36.092045],[140.103584,36.092063],[140.103328,36.092425],[140.103336,36.092429],[140.103293,36.092488],[140.103286,36.092485],[140.10325,36.092536],[140.103163,36.092495],[140.103159,36.092501],[140.103069,36.092459],[140.103073,36.092453],[140.102939,36.092391]]]}},{"type":"Feature","properties":{"height":3},"geometry":{"type":"Polygon","coordinates":[[[140.10427,36.097922],[140.104279,36.09788],[140.104341,36.097889],[140.104332,36.09793],[140.10427,36.097922]]]}},{"type":"Feature","properties":{"height":8.6},"geometry":{"type":"Polygon","coordinates":[[[140.104799,36.098099],[140.104818,36.098087],[140.104829,36.098099],[140.104827,36.098107],[140.10484,36.098122],[140.104852,36.098124],[140.10483,36.098136],[140.104799,36.098099]]]}},{"type":"Feature","properties":{"height":3},"geometry":{"type":"Polygon","coordinates":[[[140.104024,36.095305],[140.104107,36.095188],[140.104131,36.095199],[140.104048,36.095316],[140.104024,36.095305]]]}},{"type":"Feature","properties":{"height":11.4},"geometry":{"type":"Polygon","coordinates":[[[140.105589,36.095139],[140.105611,36.095129],[140.10561,36.095128],[140.105669,36.0951],[140.105763,36.095231],[140.105794,36.095238],[140.105796,36.095229],[140.105823,36.095235],[140.105821,36.095244],[140.105851,36.09525],[140.106032,36.095165],[140.106066,36.095057],[140.106094,36.095063],[140.106108,36.095057],[140.106115,36.095034],[140.106254,36.095065],[140.10623,36.095138],[140.106179,36.095127],[140.106185,36.095106],[140.106127,36.095093],[140.106123,36.095096],[140.10609,36.095201],[140.10586,36.095308],[140.105845,36.095357],[140.105832,36.095362],[140.105792,36.095353],[140.105785,36.095344],[140.105801,36.095295],[140.105777,36.09529],[140.10577,36.095311],[140.10576,36.095317],[140.105718,36.095307],[140.105711,36.095297],[140.105719,36.095279],[140.105637,36.095165],[140.105615,36.095175],[140.105589,36.095139]]]}},{"type":"Feature","properties":{"height":3},"geometry":{"type":"Polygon","coordinates":[[[140.100407,36.095136],[140.100431,36.095102],[140.100484,36.095126],[140.10046,36.09516],[140.100407,36.095136]]]}},{"type":"Feature","properties":{"height":3},"geometry":{"type":"Polygon","coordinates":[[[140.10252,36.097405],[140.102534,36.097335],[140.102561,36.097338],[140.102547,36.097408],[140.10252,36.097405]]]}},{"type":"Feature","properties":{"height":3},"geometry":{"type":"Polygon","coordinates":[[[140.105145,36.096099],[140.105148,36.096083],[140.105272,36.096099],[140.105269,36.096115],[140.105145,36.096099]]]}},{"type":"Feature","properties":{"height":3},"geometry":{"type":"Polygon","coordinates":[[[140.100536,36.094151],[140.100546,36.094136],[140.100573,36.094149],[140.100562,36.094164],[140.100536,36.094151]]]}},{"type":"Feature","properties":{"height":50.2},"geometry":{"type":"Polygon","coordinates":[[[140.101251,36.092941],[140.101354,36.092795],[140.101393,36.092813],[140.101412,36.092785],[140.101483,36.092818],[140.101457,36.092856],[140.10162,36.092932],[140.101659,36.092877],[140.101611,36.092855],[140.101628,36.09283],[140.101676,36.092852],[140.101801,36.092673],[140.102119,36.09282],[140.102259,36.092621],[140.102307,36.092644],[140.102311,36.092638],[140.102351,36.092657],[140.102356,36.09265],[140.102422,36.092681],[140.102186,36.093018],[140.102098,36.092977],[140.101967,36.093165],[140.101734,36.093057],[140.101684,36.093128],[140.101366,36.092981],[140.101341,36.093016],[140.101272,36.092984],[140.10129,36.092959],[140.101251,36.092941]]]}},{"type":"Feature","properties":{"height":3},"geometry":{"type":"Polygon","coordinates":[[[140.104271,36.097825],[140.104275,36.097804],[140.104353,36.097814],[140.104349,36.097835],[140.104271,36.097825]]]}},{"type":"Feature","properties":{"height":3},"geometry":{"type":"Polygon","coordinates":[[[140.10421,36.094078],[140.104223,36.094058],[140.104299,36.094093],[140.104285,36.094112],[140.10421,36.094078]]]}},{"type":"Feature","properties":{"height":4.6},"geometry":{"type":"Polygon","coordinates":[[[140.10114,36.094752],[140.101178,36.094697],[140.101439,36.094818],[140.101401,36.094872],[140.10114,36.094752]]]}},{"type":"Feature","properties":{"height":3},"geometry":{"type":"Polygon","coordinates":[[[140.102949,36.098594],[140.102974,36.09846],[140.102995,36.098463],[140.10297,36.098597],[140.102949,36.098594]]]}},{"type":"Feature","properties":{"height":8.8},"geometry":{"type":"Polygon","coordinates":[[[140.102552,36.094661],[140.102591,36.094606],[140.102582,36.094602],[140.102624,36.094541],[140.102772,36.094609],[140.102809,36.094557],[140.102783,36.094545],[140.102865,36.094429],[140.102831,36.094413],[140.102919,36.094289],[140.102983,36.094319],[140.102996,36.094301],[140.103067,36.094334],[140.103054,36.094352],[140.103091,36.094369],[140.10305,36.094427],[140.103151,36.094474],[140.103022,36.094656],[140.102921,36.094609],[140.102883,36.094664],[140.102957,36.094698],[140.10287,36.094821],[140.102761,36.094769],[140.102719,36.094829],[140.102576,36.094763],[140.102623,36.094696],[140.102686,36.094725],[140.102723,36.094673],[140.102658,36.094643],[140.102622,36.094693],[140.102552,36.094661]]]}},{"type":"Feature","properties":{"height":3},"geometry":{"type":"Polygon","coordinates":[[[140.103879,36.09726],[140.103883,36.097237],[140.103902,36.097239],[140.103897,36.097263],[140.103879,36.09726]]]}},{"type":"Feature","properties":{"height":3},"geometry":{"type":"Polygon","coordinates":[[[140.104281,36.097781],[140.104285,36.097761],[140.104361,36.097771],[140.104357,36.097791],[140.104281,36.097781]]]}},{"type":"Feature","properties":{"height":11.7},"geometry":{"type":"Polygon","coordinates":[[[140.103818,36.09669],[140.103895,36.096644],[140.103908,36.096659],[140.103917,36.096654],[140.103973,36.096716],[140.103966,36.09672],[140.103993,36.09675],[140.104001,36.096745],[140.104058,36.096807],[140.104049,36.096813],[140.104062,36.096827],[140.103983,36.096874],[140.103954,36.096842],[140.103969,36.096833],[140.103929,36.096789],[140.103911,36.0968],[140.103882,36.096767],[140.1039,36.096756],[140.103861,36.096713],[140.103846,36.096721],[140.103818,36.09669]]]}},{"type":"Feature","properties":{"height":3.6},"geometry":{"type":"Polygon","coordinates":[[[140.102799,36.097712],[140.102806,36.097673],[140.102949,36.09769],[140.102942,36.09773],[140.102799,36.097712]]]}},{"type":"Feature","properties":{"height":11.4},"geometry":{"type":"Polygon","coordinates":[[[140.105281,36.094599],[140.105303,36.094526],[140.105442,36.094555],[140.105433,36.094578],[140.105441,36.09459],[140.105469,36.094596],[140.105433,36.094703],[140.105527,36.094834],[140.105558,36.094841],[140.105561,36.094831],[140.105588,36.094836],[140.105586,36.094846],[140.105616,36.094853],[140.105777,36.094776],[140.105822,36.094841],[140.105778,36.094861],[140.105766,36.094843],[140.105625,36.094909],[140.105618,36.09493],[140.105608,36.094935],[140.105568,36.094927],[140.105564,36.094922],[140.105571,36.094898],[140.105542,36.094892],[140.105527,36.094941],[140.105515,36.094945],[140.105475,36.094937],[140.105468,36.094927],[140.105485,36.09488],[140.105362,36.094711],[140.105398,36.094604],[140.105395,36.094601],[140.105336,36.094588],[140.10533,36.09461],[140.105281,36.094599]]]}},{"type":"Feature","properties":{"height":3},"geometry":{"type":"Polygon","coordinates":[[[140.103535,36.096239],[140.103539,36.096217],[140.103666,36.096232],[140.103662,36.096254],[140.103535,36.096239]]]}},{"type":"Feature","properties":{"height":8.7},"geometry":{"type":"Polygon","coordinates":[[[140.105086,36.097131],[140.105107,36.097119],[140.105118,36.097132],[140.105116,36.097141],[140.105128,36.097154],[140.105139,36.097156],[140.105118,36.097168],[140.105086,36.097131]]]}},{"type":"Feature","properties":{"height":3.7},"geometry":{"type":"Polygon","coordinates":[[[140.103194,36.098919],[140.103292,36.098906],[140.103297,36.098933],[140.103232,36.098941],[140.103255,36.099057],[140.103221,36.099061],[140.103194,36.098919]]]}},{"type":"Feature","properties":{"height":3},"geometry":{"type":"Polygon","coordinates":[[[140.104787,36.095021],[140.104836,36.094963],[140.104859,36.094976],[140.10481,36.095033],[140.104787,36.095021]]]}},{"type":"Feature","properties":{"height":3},"geometry":{"type":"Polygon","coordinates":[[[140.104773,36.098588],[140.104796,36.098574],[140.104847,36.098632],[140.104824,36.098645],[140.104773,36.098588]]]}},{"type":"Feature","properties":{"height":3},"geometry":{"type":"Polygon","coordinates":[[[140.104826,36.098162],[140.104849,36.098148],[140.1049,36.098206],[140.104878,36.098219],[140.104826,36.098162]]]}},{"type":"Feature","properties":{"height":3},"geometry":{"type":"Polygon","coordinates":[[[140.105396,36.097367],[140.105413,36.097358],[140.105468,36.097365],[140.105463,36.097387],[140.105407,36.09738],[140.105396,36.097367]]]}},{"type":"Feature","properties":{"height":3},"geometry":{"type":"Polygon","coordinates":[[[140.101478,36.093583],[140.101492,36.093564],[140.101517,36.093576],[140.101504,36.093595],[140.101478,36.093583]]]}},{"type":"Feature","properties":{"height":3},"geometry":{"type":"Polygon","coordinates":[[[140.103787,36.095642],[140.103828,36.095581],[140.103853,36.095592],[140.103812,36.095653],[140.103787,36.095642]]]}},{"type":"Feature","properties":{"height":9.2},"geometry":{"type":"Polygon","coordinates":[[[140.105341,36.096423],[140.1054,36.096128],[140.105514,36.096143],[140.105504,36.096192],[140.105517,36.096194],[140.105497,36.096294],[140.105486,36.096293],[140.105468,36.096387],[140.10548,36.096388],[140.10547,36.09644],[140.105341,36.096423]]]}},{"type":"Feature","properties":{"height":3},"geometry":{"type":"Polygon","coordinates":[[[140.100124,36.092211],[140.100148,36.092174],[140.100182,36.092189],[140.100159,36.092225],[140.100124,36.092211]]]}},{"type":"Feature","properties":{"height":3},"geometry":{"type":"Polygon","coordinates":[[[140.100495,36.094984],[140.100517,36.094953],[140.100546,36.094966],[140.100524,36.094997],[140.100495,36.094984]]]}},{"type":"Feature","properties":{"height":3},"geometry":{"type":"Polygon","coordinates":[[[140.103327,36.097382],[140.103331,36.097362],[140.103445,36.097378],[140.103441,36.097398],[140.103327,36.097382]]]}},{"type":"Feature","properties":{"height":3},"geometry":{"type":"Polygon","coordinates":[[[140.100254,36.093894],[140.100266,36.093876],[140.100313,36.093897],[140.1003,36.093915],[140.100254,36.093894]]]}},{"type":"Feature","properties":{"height":3},"geometry":{"type":"Polygon","coordinates":[[[140.105296,36.094073],[140.105309,36.094055],[140.105453,36.094121],[140.10544,36.09414],[140.105296,36.094073]]]}},{"type":"Feature","properties":{"height":14.7},"geometry":{"type":"Polygon","coordinates":[[[140.103692,36.094599],[140.103731,36.094543],[140.103752,36.094553],[140.103761,36.094541],[140.103848,36.094581],[140.103839,36.094594],[140.103861,36.094605],[140.103823,36.09466],[140.103692,36.094599]]]}},{"type":"Feature","properties":{"height":9.7},"geometry":{"type":"Polygon","coordinates":[[[140.1045,36.09611],[140.104517,36.096018],[140.10476,36.096049],[140.104742,36.096142],[140.104682,36.096134],[140.10468,36.096142],[140.104558,36.096127],[140.10456,36.096117],[140.1045,36.09611]]]}},{"type":"Feature","properties":{"height":9.6},"geometry":{"type":"Polygon","coordinates":[[[140.105597,36.093794],[140.105682,36.093788],[140.105684,36.093811],[140.105599,36.093816],[140.105597,36.093794]]]}},{"type":"Feature","properties":{"height":3},"geometry":{"type":"Polygon","coordinates":[[[140.103542,36.096203],[140.103546,36.096181],[140.103672,36.096196],[140.103668,36.096218],[140.103542,36.096203]]]}},{"type":"Feature","properties":{"height":3},"geometry":{"type":"Polygon","coordinates":[[[140.104219,36.097895],[140.104229,36.097847],[140.104271,36.097852],[140.104261,36.097901],[140.104219,36.097895]]]}},{"type":"Feature","properties":{"height":3},"geometry":{"type":"Polygon","coordinates":[[[140.104418,36.093917],[140.104432,36.093898],[140.104507,36.093933],[140.104493,36.093952],[140.104418,36.093917]]]}},{"type":"Feature","properties":{"height":11.3},"geometry":{"type":"Polygon","coordinates":[[[140.104845,36.094715],[140.104934,36.094702],[140.104938,36.09472],[140.104963,36.094717],[140.10498,36.094792],[140.104962,36.094794],[140.104969,36.094827],[140.10499,36.094824],[140.105006,36.094901],[140.104986,36.094904],[140.10499,36.094925],[140.104898,36.094938],[140.10489,36.094901],[140.104915,36.094898],[140.104903,36.094841],[140.104875,36.094844],[140.104868,36.094809],[140.104893,36.094805],[140.104881,36.094747],[140.104854,36.094751],[140.104845,36.094715]]]}},{"type":"Feature","properties":{"height":3.6},"geometry":{"type":"Polygon","coordinates":[[[140.105164,36.093083],[140.105174,36.093068],[140.105334,36.093142],[140.105324,36.093157],[140.105164,36.093083]]]}},{"type":"Feature","properties":{"height":3},"geometry":{"type":"Polygon","coordinates":[[[140.103914,36.09778],[140.103918,36.097759],[140.103995,36.097769],[140.103991,36.09779],[140.103914,36.09778]]]}},{"type":"Feature","properties":{"height":8.7},"geometry":{"type":"Polygon","coordinates":[[[140.104418,36.09654],[140.104482,36.096209],[140.104629,36.096228],[140.104617,36.096289],[140.104628,36.09629],[140.104605,36.096404],[140.104597,36.096403],[140.104566,36.096559],[140.104418,36.09654]]]}},{"type":"Feature","properties":{"height":3},"geometry":{"type":"Polygon","coordinates":[[[140.104792,36.096117],[140.10482,36.095966],[140.104843,36.095968],[140.104814,36.09612],[140.104792,36.096117]]]}},{"type":"Feature","properties":{"height":3},"geometry":{"type":"Polygon","coordinates":[[[140.103963,36.097742],[140.103967,36.09772],[140.104004,36.097725],[140.104,36.097747],[140.103963,36.097742]]]}},{"type":"Feature","properties":{"height":3},"geometry":{"type":"Polygon","coordinates":[[[140.102561,36.09741],[140.102574,36.09734],[140.102603,36.097343],[140.10259,36.097413],[140.102561,36.09741]]]}},{"type":"Feature","properties":{"height":3},"geometry":{"type":"Polygon","coordinates":[[[140.104698,36.097647],[140.104699,36.097633],[140.104713,36.097627],[140.104866,36.097646],[140.104861,36.097668],[140.104698,36.097647]]]}},{"type":"Feature","properties":{"height":3},"geometry":{"type":"Polygon","coordinates":[[[140.105207,36.094653],[140.105231,36.094644],[140.105301,36.094769],[140.105276,36.094778],[140.105207,36.094653]]]}},{"type":"Feature","properties":{"height":9.3},"geometry":{"type":"Polygon","coordinates":[[[140.10468,36.096547],[140.104699,36.096446],[140.104711,36.096448],[140.104719,36.096402],[140.104833,36.096415],[140.104797,36.096609],[140.104682,36.096595],[140.104691,36.096548],[140.10468,36.096547]]]}},{"type":"Feature","properties":{"height":33.3},"geometry":{"type":"Polygon","coordinates":[[[140.101659,36.093834],[140.101692,36.093787],[140.101684,36.093783],[140.101699,36.093761],[140.101723,36.093773],[140.101765,36.093714],[140.101861,36.093758],[140.101883,36.093727],[140.101864,36.093718],[140.101964,36.093577],[140.101983,36.093586],[140.102007,36.093552],[140.101984,36.093542],[140.102026,36.093482],[140.101698,36.093329],[140.101743,36.093265],[140.10173,36.093259],[140.101741,36.093243],[140.101754,36.093249],[140.101785,36.093204],[140.101794,36.093208],[140.101859,36.093116],[140.101891,36.093131],[140.101826,36.093223],[140.102114,36.093357],[140.102141,36.093319],[140.102197,36.093345],[140.102187,36.09336],[140.102249,36.093388],[140.10228,36.093485],[140.102552,36.093611],[140.10249,36.093699],[140.102204,36.093566],[140.102139,36.093659],[140.102159,36.093667],[140.102059,36.093808],[140.10204,36.093799],[140.102018,36.093831],[140.10233,36.093976],[140.102288,36.094035],[140.102312,36.094046],[140.102297,36.094068],[140.102288,36.094064],[140.102255,36.094111],[140.101659,36.093834]]]}},{"type":"Feature","properties":{"height":13.7},"geometry":{"type":"Polygon","coordinates":[[[140.102473,36.093573],[140.10256,36.093449],[140.102617,36.093475],[140.102602,36.093497],[140.102616,36.093504],[140.102647,36.093461],[140.103088,36.093666],[140.103066,36.093698],[140.103076,36.093703],[140.10312,36.09364],[140.103103,36.093632],[140.103161,36.09355],[140.103294,36.093612],[140.103282,36.093629],[140.103301,36.093638],[140.103177,36.093813],[140.103252,36.093847],[140.10321,36.093906],[140.103317,36.093956],[140.10318,36.094151],[140.103072,36.094101],[140.103057,36.094123],[140.102978,36.094086],[140.102993,36.094064],[140.102884,36.094013],[140.102951,36.093918],[140.102888,36.093889],[140.102789,36.09403],[140.102677,36.093978],[140.102661,36.094],[140.102582,36.093963],[140.102598,36.093941],[140.10249,36.093891],[140.102627,36.093697],[140.1027,36.093731],[140.102727,36.093692],[140.102473,36.093573]]]}},{"type":"Feature","properties":{"height":3},"geometry":{"type":"Polygon","coordinates":[[[140.103222,36.098576],[140.103249,36.098432],[140.10353,36.098467],[140.103503,36.098611],[140.103222,36.098576]]]}},{"type":"Feature","properties":{"height":3},"geometry":{"type":"Polygon","coordinates":[[[140.101308,36.093549],[140.10132,36.093532],[140.101386,36.093563],[140.101459,36.09346],[140.101488,36.093474],[140.101476,36.093492],[140.101466,36.093487],[140.101394,36.093588],[140.101308,36.093549]]]}},{"type":"Feature","properties":{"height":14.5},"geometry":{"type":"Polygon","coordinates":[[[140.104446,36.093223],[140.104504,36.093141],[140.104736,36.093249],[140.104691,36.093313],[140.104673,36.093305],[140.104679,36.093295],[140.104583,36.09325],[140.104563,36.093277],[140.104446,36.093223]]]}},{"type":"Feature","properties":{"height":3},"geometry":{"type":"Polygon","coordinates":[[[140.105344,36.095914],[140.105347,36.095898],[140.105684,36.095939],[140.105681,36.095955],[140.105344,36.095914]]]}},{"type":"Feature","properties":{"height":8.7},"geometry":{"type":"Polygon","coordinates":[[[140.102929,36.0932],[140.102972,36.093139],[140.102958,36.093133],[140.10298,36.093102],[140.102994,36.093108],[140.103052,36.093025],[140.103131,36.093061],[140.103089,36.09312],[140.103153,36.09315],[140.103241,36.093026],[140.103395,36.093097],[140.103291,36.093245],[140.103324,36.09326],[140.10333,36.093252],[140.103315,36.093245],[140.103319,36.093239],[140.103302,36.093231],[140.10331,36.093219],[140.103327,36.093227],[140.103359,36.093182],[140.103396,36.093199],[140.103352,36.093262],[140.103346,36.093259],[140.10334,36.093267],[140.103364,36.093279],[140.103355,36.093291],[140.10338,36.093303],[140.10331,36.093404],[140.103057,36.093287],[140.103062,36.09328],[140.103012,36.093257],[140.103022,36.093243],[140.102929,36.0932]]]}},{"type":"Feature","properties":{"height":3.2},"geometry":{"type":"Polygon","coordinates":[[[140.103617,36.098101],[140.103627,36.098056],[140.103712,36.098068],[140.103702,36.098114],[140.103617,36.098101]]]}},{"type":"Feature","properties":{"height":3},"geometry":{"type":"Polygon","coordinates":[[[140.104549,36.095179],[140.104575,36.095176],[140.104578,36.095191],[140.104551,36.095194],[140.104549,36.095179]]]}},{"type":"Feature","properties":{"height":3},"geometry":{"type":"Polygon","coordinates":[[[140.103975,36.094946],[140.103988,36.094927],[140.10406,36.094961],[140.104046,36.094979],[140.103975,36.094946]]]}},{"type":"Feature","properties":{"height":3},"geometry":{"type":"Polygon","coordinates":[[[140.104785,36.09506],[140.104801,36.095041],[140.104824,36.095053],[140.104808,36.095073],[140.104785,36.09506]]]}},{"type":"Feature","properties":{"height":3},"geometry":{"type":"Polygon","coordinates":[[[140.104964,36.093986],[140.105002,36.093931],[140.105084,36.093912],[140.105126,36.093931],[140.105114,36.093949],[140.105086,36.093936],[140.105018,36.09395],[140.104986,36.093996],[140.104964,36.093986]]]}},{"type":"Feature","properties":{"height":11.3},"geometry":{"type":"Polygon","coordinates":[[[140.105286,36.093322],[140.105332,36.093258],[140.105536,36.093352],[140.105521,36.093373],[140.105525,36.093385],[140.105551,36.093397],[140.105482,36.093493],[140.105537,36.093658],[140.105565,36.093671],[140.10557,36.093662],[140.105595,36.093672],[140.10559,36.093682],[140.105617,36.093694],[140.105797,36.093655],[140.105822,36.093726],[140.105771,36.093738],[140.105763,36.093718],[140.105609,36.093751],[140.105595,36.09377],[140.105583,36.093772],[140.105546,36.093757],[140.105543,36.093746],[140.105556,36.093727],[140.105533,36.093717],[140.105501,36.093761],[140.105489,36.093763],[140.105452,36.093746],[140.10545,36.093737],[140.105482,36.093693],[140.105411,36.093487],[140.105479,36.093392],[140.105477,36.093386],[140.105344,36.093325],[140.105331,36.093343],[140.105286,36.093322]]]}},{"type":"Feature","properties":{"height":11.5},"geometry":{"type":"Polygon","coordinates":[[[140.103268,36.097337],[140.103292,36.097215],[140.103299,36.097216],[140.103315,36.097136],[140.103327,36.097138],[140.10335,36.097019],[140.103338,36.097017],[140.103353,36.096937],[140.103346,36.096936],[140.103369,36.096815],[140.103482,36.09683],[140.10345,36.09699],[140.103471,36.096992],[140.103431,36.097194],[140.103412,36.097192],[140.103381,36.097352],[140.103268,36.097337]]]}},{"type":"Feature","properties":{"height":16.1},"geometry":{"type":"Polygon","coordinates":[[[140.105202,36.092996],[140.105289,36.092874],[140.105332,36.092894],[140.105366,36.092847],[140.105323,36.092827],[140.10541,36.092705],[140.105505,36.09275],[140.105519,36.092731],[140.105551,36.092746],[140.105539,36.092763],[140.105611,36.092797],[140.105402,36.093088],[140.105314,36.093047],[140.105317,36.093043],[140.105298,36.093034],[140.105294,36.093039],[140.105202,36.092996]]]}},{"type":"Feature","properties":{"height":4.3},"geometry":{"type":"Polygon","coordinates":[[[140.101226,36.09459],[140.101248,36.094559],[140.101265,36.094567],[140.101287,36.094535],[140.101329,36.094554],[140.101306,36.094586],[140.101323,36.094594],[140.101301,36.094624],[140.101226,36.09459]]]}},{"type":"Feature","properties":{"height":9.1},"geometry":{"type":"Polygon","coordinates":[[[140.104963,36.09695],[140.104975,36.096884],[140.10499,36.096873],[140.105001,36.096885],[140.105016,36.096878],[140.105025,36.096889],[140.10504,36.09688],[140.10505,36.096892],[140.105065,36.096883],[140.105075,36.096895],[140.105088,36.096886],[140.1051,36.096898],[140.105114,36.09689],[140.105124,36.096901],[140.105138,36.096893],[140.105149,36.096904],[140.105163,36.096895],[140.105173,36.096907],[140.105188,36.096899],[140.105202,36.096914],[140.105197,36.096935],[140.105223,36.096939],[140.105238,36.096953],[140.105223,36.096962],[140.105234,36.096974],[140.10522,36.096982],[140.10523,36.096994],[140.105216,36.097003],[140.105226,36.097014],[140.105212,36.097022],[140.105222,36.097034],[140.105208,36.097042],[140.105219,36.097054],[140.105204,36.097062],[140.105214,36.097073],[140.105228,36.097065],[140.105238,36.097077],[140.105254,36.097068],[140.105262,36.09708],[140.105278,36.097071],[140.105287,36.097083],[140.105302,36.097075],[140.105312,36.097086],[140.105327,36.097078],[140.105336,36.097089],[140.105352,36.097081],[140.105366,36.097096],[140.105361,36.097117],[140.105387,36.097121],[140.105401,36.097136],[140.105387,36.097144],[140.105398,36.097155],[140.105383,36.097164],[140.105394,36.097176],[140.105379,36.097184],[140.10539,36.097196],[140.105375,36.097204],[140.105386,36.097216],[140.105372,36.097224],[140.10539,36.097246],[140.105403,36.097238],[140.105413,36.09725],[140.105428,36.09724],[140.105439,36.097252],[140.105453,36.097244],[140.105464,36.097255],[140.105477,36.097248],[140.105488,36.09726],[140.105504,36.097251],[140.105518,36.097265],[140.105513,36.097286],[140.105538,36.097289],[140.105553,36.097305],[140.105538,36.097313],[140.105549,36.097325],[140.105534,36.097333],[140.105545,36.097345],[140.105531,36.097353],[140.105541,36.097365],[140.105527,36.097374],[140.105537,36.097385],[140.105523,36.097394],[140.105533,36.097405],[140.10552,36.097413],[140.105528,36.097425],[140.105544,36.097416],[140.105553,36.097427],[140.105568,36.097421],[140.105578,36.09743],[140.105593,36.097422],[140.105603,36.097434],[140.105617,36.097426],[140.105628,36.097437],[140.105642,36.097429],[140.105652,36.097441],[140.105667,36.097433],[140.105681,36.097447],[140.105676,36.097468],[140.105703,36.097471],[140.105716,36.097487],[140.105702,36.097495],[140.105712,36.097507],[140.105698,36.097515],[140.105708,36.097527],[140.105694,36.097535],[140.105705,36.097547],[140.10569,36.097556],[140.105701,36.097567],[140.105686,36.097575],[140.105697,36.097587],[140.105681,36.097596],[140.105599,36.097587],[140.105606,36.097547],[140.105632,36.09755],[140.105642,36.097493],[140.105638,36.097489],[140.105516,36.097473],[140.105434,36.097521],[140.105421,36.097519],[140.105409,36.097504],[140.105432,36.097482],[140.105422,36.09747],[140.10541,36.097468],[140.105398,36.097454],[140.1054,36.097444],[140.105459,36.09741],[140.105478,36.097311],[140.105474,36.097306],[140.1053,36.097284],[140.105327,36.097142],[140.105322,36.097137],[140.1052,36.097122],[140.105141,36.097156],[140.105128,36.097154],[140.105116,36.097141],[140.105118,36.097132],[140.105107,36.097119],[140.105086,36.097131],[140.105073,36.097131],[140.105061,36.097116],[140.105063,36.097106],[140.105144,36.097058],[140.105163,36.096959],[140.105158,36.096955],[140.105013,36.096937],[140.105011,36.096956],[140.104963,36.09695]]]}},{"type":"Feature","properties":{"height":23.5},"geometry":{"type":"Polygon","coordinates":[[[140.104227,36.094051],[140.104268,36.093992],[140.104311,36.094012],[140.104346,36.093963],[140.104379,36.093979],[140.104374,36.093986],[140.104385,36.093991],[140.10439,36.093984],[140.104407,36.093992],[140.104402,36.093999],[140.104414,36.094005],[140.10442,36.093997],[140.104437,36.094005],[140.104432,36.094013],[140.104443,36.094018],[140.104448,36.094011],[140.104466,36.094019],[140.104461,36.094026],[140.104472,36.094031],[140.104477,36.094024],[140.104494,36.094032],[140.10449,36.094039],[140.104501,36.094044],[140.104506,36.094038],[140.104523,36.094046],[140.104518,36.094052],[140.104529,36.094058],[140.104534,36.094051],[140.104551,36.094059],[140.104547,36.094066],[140.10456,36.094072],[140.104564,36.094065],[140.104582,36.094073],[140.104577,36.09408],[140.104583,36.094082],[140.104539,36.094145],[140.104518,36.094135],[140.104523,36.094128],[140.104428,36.094084],[140.104411,36.094108],[140.104337,36.094074],[140.104322,36.094095],[140.104227,36.094051]]]}},{"type":"Feature","properties":{"height":3},"geometry":{"type":"Polygon","coordinates":[[[140.104972,36.098295],[140.104992,36.098193],[140.10502,36.098197],[140.105,36.098298],[140.104972,36.098295]]]}},{"type":"Feature","properties":{"height":4.5},"geometry":{"type":"Polygon","coordinates":[[[140.103232,36.098941],[140.103351,36.098926],[140.103377,36.099059],[140.103258,36.099075],[140.103232,36.098941]]]}},{"type":"Feature","properties":{"height":3},"geometry":{"type":"Polygon","coordinates":[[[140.100571,36.094172],[140.100587,36.094151],[140.100601,36.094158],[140.100599,36.094161],[140.100629,36.094176],[140.10062,36.094189],[140.10059,36.094175],[140.100587,36.09418],[140.100571,36.094172]]]}},{"type":"Feature","properties":{"height":3},"geometry":{"type":"Polygon","coordinates":[[[140.105279,36.097339],[140.105283,36.097318],[140.1054,36.097333],[140.105396,36.097354],[140.105279,36.097339]]]}},{"type":"Feature","properties":{"height":3},"geometry":{"type":"Polygon","coordinates":[[[140.101318,36.094914],[140.101338,36.094887],[140.101401,36.094917],[140.101381,36.094945],[140.101318,36.094914]]]}},{"type":"Feature","properties":{"height":3},"geometry":{"type":"Polygon","coordinates":[[[140.10377,36.093139],[140.103781,36.093078],[140.103805,36.093081],[140.103795,36.093142],[140.10377,36.093139]]]}},{"type":"Feature","properties":{"height":3},"geometry":{"type":"Polygon","coordinates":[[[140.103478,36.096951],[140.103482,36.096928],[140.103529,36.096934],[140.103525,36.096956],[140.103478,36.096951]]]}},{"type":"Feature","properties":{"height":3},"geometry":{"type":"Polygon","coordinates":[[[140.103122,36.094351],[140.103163,36.094291],[140.103217,36.094315],[140.103175,36.094375],[140.103122,36.094351]]]}},{"type":"Feature","properties":{"height":3},"geometry":{"type":"Polygon","coordinates":[[[140.105599,36.093312],[140.105611,36.093293],[140.105648,36.093309],[140.105636,36.093327],[140.105599,36.093312]]]}},{"type":"Feature","properties":{"height":3},"geometry":{"type":"Polygon","coordinates":[[[140.102364,36.094802],[140.10238,36.09478],[140.10256,36.094865],[140.102544,36.094887],[140.102364,36.094802]]]}},{"type":"Feature","properties":{"height":3},"geometry":{"type":"Polygon","coordinates":[[[140.103866,36.096779],[140.103884,36.096769],[140.103901,36.096788],[140.103884,36.096799],[140.103866,36.096779]]]}},{"type":"Feature","properties":{"height":3},"geometry":{"type":"Polygon","coordinates":[[[140.101137,36.09519],[140.101144,36.095182],[140.101162,36.095191],[140.101155,36.0952],[140.101137,36.09519]]]}},{"type":"Feature","properties":{"height":3},"geometry":{"type":"Polygon","coordinates":[[[140.102596,36.092754],[140.102611,36.092732],[140.102649,36.092749],[140.102633,36.092771],[140.102596,36.092754]]]}},{"type":"Feature","properties":{"height":3},"geometry":{"type":"Polygon","coordinates":[[[140.105585,36.094672],[140.105619,36.094572],[140.105644,36.094578],[140.10561,36.094678],[140.105585,36.094672]]]}},{"type":"Feature","properties":{"height":3},"geometry":{"type":"Polygon","coordinates":[[[140.104266,36.097931],[140.104269,36.09792],[140.104271,36.097921],[140.10427,36.097922],[140.104312,36.097928],[140.10431,36.097937],[140.104266,36.097931]]]}},{"type":"Feature","properties":{"height":42.6},"geometry":{"type":"Polygon","coordinates":[[[140.101863,36.092701],[140.101978,36.092536],[140.102017,36.092554],[140.102006,36.09257],[140.102108,36.092814],[140.102066,36.092795],[140.101982,36.092592],[140.101895,36.092715],[140.101863,36.092701]]]}},{"type":"Feature","properties":{"height":4.1},"geometry":{"type":"Polygon","coordinates":[[[140.104474,36.093863],[140.104492,36.093837],[140.104485,36.093834],[140.104502,36.093811],[140.104593,36.093852],[140.104619,36.093812],[140.104735,36.093865],[140.1047,36.093917],[140.10464,36.09389],[140.104617,36.093924],[140.104572,36.093903],[140.104567,36.09391],[140.104504,36.093882],[140.104507,36.093878],[140.104474,36.093863]]]}},{"type":"Feature","properties":{"height":11.6},"geometry":{"type":"Polygon","coordinates":[[[140.103838,36.097597],[140.103845,36.097558],[140.103863,36.097561],[140.103874,36.097506],[140.10385,36.097503],[140.103858,36.097464],[140.103883,36.097467],[140.103894,36.097412],[140.103874,36.09741],[140.103889,36.097333],[140.103907,36.097335],[140.103918,36.097282],[140.103894,36.097279],[140.103902,36.097239],[140.103925,36.097242],[140.103936,36.097188],[140.103917,36.097186],[140.103932,36.097109],[140.103951,36.097112],[140.103961,36.097057],[140.103939,36.097055],[140.103946,36.097015],[140.103968,36.097018],[140.103979,36.096963],[140.103961,36.096961],[140.103968,36.096922],[140.104065,36.096934],[140.104061,36.096953],[140.104072,36.096955],[140.104057,36.097031],[140.104047,36.09703],[140.10404,36.097065],[140.104051,36.097067],[140.104036,36.097143],[140.104025,36.097142],[140.104018,36.097177],[140.104029,36.097179],[140.104014,36.097256],[140.104003,36.097254],[140.103996,36.097289],[140.104007,36.097291],[140.103992,36.097367],[140.103982,36.097366],[140.103975,36.097402],[140.103985,36.097403],[140.103971,36.09748],[140.10396,36.097478],[140.103953,36.097514],[140.103964,36.097515],[140.103949,36.097593],[140.103938,36.097591],[140.103934,36.097609],[140.103838,36.097597]]]}},{"type":"Feature","properties":{"height":3},"geometry":{"type":"Polygon","coordinates":[[[140.104968,36.094609],[140.104977,36.094598],[140.104994,36.094608],[140.104985,36.094618],[140.104968,36.094609]]]}},{"type":"Feature","properties":{"height":3},"geometry":{"type":"Polygon","coordinates":[[[140.103549,36.094612],[140.103576,36.094571],[140.10362,36.09459],[140.103608,36.094608],[140.103618,36.094613],[140.103609,36.094627],[140.103599,36.094623],[140.103594,36.094631],[140.103549,36.094612]]]}},{"type":"Feature","properties":{"height":4.9},"geometry":{"type":"Polygon","coordinates":[[[140.100356,36.093459],[140.100453,36.093322],[140.100569,36.093376],[140.100544,36.093412],[140.100631,36.093453],[140.100663,36.093406],[140.100918,36.093524],[140.10097,36.093451],[140.101001,36.093465],[140.100885,36.09363],[140.100781,36.093582],[140.100742,36.093637],[140.100356,36.093459]]]}},{"type":"Feature","properties":{"height":3.5},"geometry":{"type":"Polygon","coordinates":[[[140.101551,36.094771],[140.101591,36.094716],[140.101852,36.094839],[140.101796,36.094918],[140.101741,36.094892],[140.101758,36.094868],[140.101551,36.094771]]]}},{"type":"Feature","properties":{"height":6.6},"geometry":{"type":"Polygon","coordinates":[[[140.100202,36.094763],[140.100281,36.09465],[140.100387,36.094699],[140.100308,36.094812],[140.100202,36.094763]]]}},{"type":"Feature","properties":{"height":3},"geometry":{"type":"Polygon","coordinates":[[[140.100342,36.094138],[140.100403,36.094049],[140.100422,36.094058],[140.100361,36.094147],[140.100342,36.094138]]]}},{"type":"Feature","properties":{"height":3},"geometry":{"type":"Polygon","coordinates":[[[140.104198,36.093892],[140.104212,36.093873],[140.104279,36.093905],[140.104265,36.093924],[140.104198,36.093892]]]}},{"type":"Feature","properties":{"height":11.4},"geometry":{"type":"Polygon","coordinates":[[[140.10493,36.093478],[140.104977,36.093415],[140.1051,36.093471],[140.105086,36.093493],[140.10509,36.093505],[140.105115,36.093516],[140.105046,36.093613],[140.1051,36.093777],[140.10518,36.093815],[140.105361,36.093774],[140.105385,36.093845],[140.105335,36.093857],[140.105328,36.093836],[140.105171,36.09387],[140.105159,36.093888],[140.105147,36.093891],[140.10511,36.093873],[140.105107,36.093863],[140.10512,36.093846],[140.105097,36.093836],[140.105067,36.093879],[140.105054,36.093882],[140.105017,36.093864],[140.105014,36.093854],[140.105044,36.093811],[140.104976,36.093606],[140.105044,36.09351],[140.105041,36.093505],[140.104989,36.093482],[140.104977,36.0935],[140.10493,36.093478]]]}},{"type":"Feature","properties":{"height":21.9},"geometry":{"type":"Polygon","coordinates":[[[140.100839,36.092519],[140.100993,36.0923],[140.101753,36.092651],[140.101599,36.09287],[140.101399,36.092778],[140.101393,36.092787],[140.101184,36.09269],[140.10119,36.092681],[140.101177,36.092675],[140.101036,36.092875],[140.101003,36.09286],[140.101143,36.09266],[140.10113,36.092653],[140.101124,36.092662],[140.100892,36.092555],[140.100898,36.092546],[140.100839,36.092519]]]}},{"type":"Feature","properties":{"height":3},"geometry":{"type":"Polygon","coordinates":[[[140.104805,36.097021],[140.104875,36.096979],[140.104891,36.096997],[140.104821,36.097038],[140.104805,36.097021]]]}},{"type":"Feature","properties":{"height":6.1},"geometry":{"type":"Polygon","coordinates":[[[140.10163,36.094201],[140.101737,36.094048],[140.101804,36.094079],[140.101696,36.094231],[140.10163,36.094201]]]}},{"type":"Feature","properties":{"height":9.4},"geometry":{"type":"Polygon","coordinates":[[[140.105115,36.09675],[140.105134,36.09665],[140.105146,36.096652],[140.105164,36.096558],[140.105154,36.096557],[140.105164,36.096505],[140.105291,36.096521],[140.105233,36.096814],[140.105117,36.096798],[140.105127,36.096751],[140.105115,36.09675]]]}},{"type":"Feature","properties":{"height":17.7},"geometry":{"type":"Polygon","coordinates":[[[140.100648,36.094074],[140.100691,36.094012],[140.100672,36.094003],[140.10076,36.093877],[140.100686,36.093843],[140.100703,36.093818],[140.100797,36.093862],[140.100824,36.093822],[140.10089,36.093853],[140.100944,36.093777],[140.100994,36.0938],[140.100947,36.093867],[140.101183,36.093976],[140.101133,36.094047],[140.101155,36.094057],[140.101065,36.094185],[140.101081,36.094193],[140.101038,36.094254],[140.100648,36.094074]]]}},{"type":"Feature","properties":{"height":7.6},"geometry":{"type":"Polygon","coordinates":[[[140.101451,36.093528],[140.101557,36.093377],[140.101766,36.093473],[140.10166,36.093624],[140.101451,36.093528]]]}},{"type":"Feature","properties":{"height":3},"geometry":{"type":"Polygon","coordinates":[[[140.105314,36.096822],[140.105317,36.096806],[140.105497,36.096829],[140.105494,36.096845],[140.105314,36.096822]]]}},{"type":"Feature","properties":{"height":3.5},"geometry":{"type":"Polygon","coordinates":[[[140.105188,36.093051],[140.105198,36.093037],[140.105358,36.09311],[140.105348,36.093124],[140.105188,36.093051]]]}},{"type":"Feature","properties":{"height":3},"geometry":{"type":"Polygon","coordinates":[[[140.10362,36.092168],[140.10364,36.09214],[140.103666,36.092152],[140.103646,36.09218],[140.10362,36.092168]]]}},{"type":"Feature","properties":{"height":14.7},"geometry":{"type":"Polygon","coordinates":[[[140.104005,36.094643],[140.104043,36.094587],[140.104066,36.094598],[140.104075,36.094585],[140.104162,36.094625],[140.104153,36.094638],[140.104175,36.094647],[140.104136,36.094703],[140.104005,36.094643]]]}},{"type":"Feature","properties":{"height":11.5},"geometry":{"type":"Polygon","coordinates":[[[140.103377,36.096772],[140.103401,36.09665],[140.103407,36.096651],[140.103415,36.09661],[140.103418,36.096611],[140.103426,36.09657],[140.103437,36.096571],[140.10346,36.096453],[140.103447,36.096451],[140.103455,36.096413],[140.103453,36.096412],[140.10346,36.096372],[140.103454,36.096372],[140.103478,36.096249],[140.103591,36.096263],[140.103568,36.096386],[140.103553,36.096384],[140.103546,36.096421],[140.10358,36.096426],[140.103541,36.096629],[140.103507,36.096624],[140.1035,36.096662],[140.103514,36.096664],[140.10349,36.096786],[140.103377,36.096772]]]}},{"type":"Feature","properties":{"height":6.7},"geometry":{"type":"Polygon","coordinates":[[[140.10457,36.094251],[140.104679,36.094096],[140.105117,36.094298],[140.105134,36.094274],[140.105007,36.094216],[140.105026,36.094189],[140.104994,36.094175],[140.105012,36.094149],[140.104981,36.094135],[140.104999,36.094109],[140.104967,36.094094],[140.104985,36.094069],[140.104954,36.094055],[140.104991,36.094002],[140.105089,36.094047],[140.105094,36.09404],[140.105213,36.094095],[140.105208,36.094102],[140.105404,36.094191],[140.105294,36.094346],[140.105232,36.094317],[140.105162,36.094417],[140.105193,36.094431],[140.10512,36.094535],[140.104679,36.094331],[140.104582,36.094288],[140.104599,36.094264],[140.10457,36.094251]]]}},{"type":"Feature","properties":{"height":6.5},"geometry":{"type":"Polygon","coordinates":[[[140.104979,36.096999],[140.104984,36.096975],[140.10507,36.096985],[140.105066,36.097009],[140.104979,36.096999]]]}},{"type":"Feature","properties":{"height":3},"geometry":{"type":"Polygon","coordinates":[[[140.10421,36.097602],[140.104252,36.097397],[140.104277,36.097383],[140.104298,36.0974],[140.104268,36.097419],[140.104229,36.097605],[140.10421,36.097602]]]}},{"type":"Feature","properties":{"height":3},"geometry":{"type":"Polygon","coordinates":[[[140.102102,36.094719],[140.102116,36.0947],[140.102572,36.094914],[140.102558,36.094934],[140.102102,36.094719]]]}},{"type":"Feature","properties":{"height":3},"geometry":{"type":"Polygon","coordinates":[[[140.103541,36.099029],[140.103566,36.099025],[140.103573,36.099059],[140.103548,36.099062],[140.103541,36.099029]]]}},{"type":"Feature","properties":{"height":14.7},"geometry":{"type":"Polygon","coordinates":[[[140.103729,36.0948],[140.103769,36.094743],[140.103791,36.094753],[140.103799,36.094741],[140.103887,36.094781],[140.103879,36.094794],[140.1039,36.094803],[140.103861,36.09486],[140.103729,36.0948]]]}},{"type":"Feature","properties":{"height":9.9},"geometry":{"type":"Polygon","coordinates":[[[140.105565,36.096862],[140.105568,36.096847],[140.105694,36.096861],[140.105692,36.096876],[140.105565,36.096862]]]}},{"type":"Feature","properties":{"height":3},"geometry":{"type":"Polygon","coordinates":[[[140.104005,36.098208],[140.104009,36.098187],[140.10407,36.098193],[140.104066,36.098215],[140.104005,36.098208]]]}},{"type":"Feature","properties":{"height":7.7},"geometry":{"type":"Polygon","coordinates":[[[140.1033,36.091872],[140.103478,36.091618],[140.103758,36.091749],[140.103579,36.092002],[140.1033,36.091872]]]}},{"type":"Feature","properties":{"height":3},"geometry":{"type":"Polygon","coordinates":[[[140.10318,36.098498],[140.103195,36.09842],[140.103243,36.098426],[140.103228,36.098504],[140.10318,36.098498]]]}},{"type":"Feature","properties":{"height":3},"geometry":{"type":"Polygon","coordinates":[[[140.104013,36.093972],[140.104048,36.093921],[140.104088,36.09394],[140.104069,36.093967],[140.104128,36.093994],[140.104113,36.094017],[140.104013,36.093972]]]}},{"type":"Feature","properties":{"height":3},"geometry":{"type":"Polygon","coordinates":[[[140.105557,36.096894],[140.10556,36.096879],[140.105685,36.096894],[140.105682,36.096909],[140.105557,36.096894]]]}},{"type":"Feature","properties":{"height":11.2},"geometry":{"type":"Polygon","coordinates":[[[140.103668,36.095584],[140.103691,36.095551],[140.103714,36.095562],[140.103749,36.095514],[140.103727,36.095503],[140.10375,36.09547],[140.103772,36.095481],[140.103807,36.095431],[140.103785,36.09542],[140.103832,36.095355],[140.103854,36.095365],[140.103889,36.095316],[140.103866,36.095305],[140.103889,36.095273],[140.103912,36.095284],[140.103948,36.095234],[140.103925,36.095223],[140.103971,36.095159],[140.103993,36.095169],[140.10403,36.095118],[140.104007,36.095107],[140.104029,36.095076],[140.10405,36.095086],[140.104086,36.095036],[140.104064,36.095025],[140.104087,36.094992],[140.104168,36.09503],[140.104156,36.095047],[140.104172,36.095054],[140.104124,36.09512],[140.104113,36.095115],[140.104089,36.095147],[140.104101,36.095153],[140.104054,36.095218],[140.104038,36.095211],[140.104014,36.095244],[140.104031,36.095252],[140.103985,36.095317],[140.103974,36.095312],[140.103951,36.095344],[140.103963,36.09535],[140.103916,36.095416],[140.103901,36.095409],[140.103877,36.095442],[140.103893,36.095449],[140.103846,36.095514],[140.103835,36.095509],[140.103812,36.095541],[140.103824,36.095547],[140.103777,36.095613],[140.103762,36.095606],[140.10375,36.095623],[140.103668,36.095584]]]}},{"type":"Feature","properties":{"height":3.2},"geometry":{"type":"Polygon","coordinates":[[[140.102618,36.092587],[140.102672,36.092509],[140.102716,36.092529],[140.102661,36.092607],[140.102652,36.092603],[140.102645,36.092613],[140.10262,36.092601],[140.102627,36.092592],[140.102618,36.092587]]]}},{"type":"Feature","properties":{"height":14.1},"geometry":{"type":"Polygon","coordinates":[[[140.100674,36.093311],[140.100736,36.093222],[140.101025,36.093356],[140.100995,36.093398],[140.101004,36.093402],[140.10113,36.093221],[140.101162,36.093236],[140.101002,36.093465],[140.100961,36.093446],[140.100932,36.093487],[140.100693,36.093377],[140.100724,36.093333],[140.100674,36.093311]]]}},{"type":"Feature","properties":{"height":3},"geometry":{"type":"Polygon","coordinates":[[[140.103818,36.096617],[140.103888,36.096626],[140.103892,36.096646],[140.103837,36.096679],[140.103818,36.096617]]]}},{"type":"Feature","properties":{"height":3},"geometry":{"type":"Polygon","coordinates":[[[140.106386,36.093522],[140.106391,36.09349],[140.106417,36.093493],[140.106412,36.093524],[140.106386,36.093522]]]}},{"type":"Feature","properties":{"height":11.3},"geometry":{"type":"Polygon","coordinates":[[[140.104417,36.095219],[140.104462,36.095213],[140.104467,36.095234],[140.104537,36.095224],[140.104532,36.095203],[140.104578,36.095197],[140.104582,36.095218],[140.104653,36.095208],[140.104648,36.095187],[140.104693,36.095181],[140.104709,36.095254],[140.104685,36.095257],[140.104689,36.095276],[140.104599,36.095289],[140.104595,36.095273],[140.104549,36.095279],[140.104552,36.095295],[140.104459,36.095308],[140.104455,36.09529],[140.104433,36.095293],[140.104417,36.095219]]]}},{"type":"Feature","properties":{"height":3},"geometry":{"type":"Polygon","coordinates":[[[140.102905,36.098588],[140.10293,36.098454],[140.102957,36.098458],[140.102931,36.098592],[140.102905,36.098588]]]}},{"type":"Feature","properties":{"height":15},"geometry":{"type":"Polygon","coordinates":[[[140.10402,36.094867],[140.104059,36.094811],[140.104082,36.094821],[140.104091,36.094809],[140.104179,36.094849],[140.10417,36.094862],[140.104191,36.094872],[140.104152,36.094929],[140.104107,36.094908],[140.104114,36.094898],[140.104072,36.094879],[140.104066,36.094888],[140.10402,36.094867]]]}},{"type":"Feature","properties":{"height":3},"geometry":{"type":"Polygon","coordinates":[[[140.104249,36.098122],[140.104251,36.098105],[140.104302,36.09811],[140.104299,36.098127],[140.104249,36.098122]]]}},{"type":"Feature","properties":{"height":3},"geometry":{"type":"Polygon","coordinates":[[[140.102938,36.097978],[140.102943,36.097957],[140.10306,36.097972],[140.103056,36.097993],[140.102938,36.097978]]]}},{"type":"Feature","properties":{"height":14.6},"geometry":{"type":"Polygon","coordinates":[[[140.104007,36.094317],[140.104023,36.094294],[140.104015,36.09429],[140.104025,36.094277],[140.104018,36.094274],[140.104062,36.094213],[140.104114,36.094237],[140.104118,36.094232],[140.104156,36.094251],[140.104145,36.094267],[140.104152,36.09427],[140.104156,36.094263],[140.10418,36.094274],[140.104175,36.094281],[140.104191,36.094288],[140.104195,36.094282],[140.104219,36.094292],[140.104214,36.094299],[140.104228,36.094306],[140.104233,36.094299],[140.104256,36.09431],[140.104252,36.094317],[140.104268,36.094324],[140.104273,36.094318],[140.104296,36.094328],[140.104292,36.094335],[140.104306,36.094342],[140.10431,36.094335],[140.104334,36.094345],[140.104329,36.094352],[140.104345,36.09436],[140.104349,36.094353],[140.104373,36.094363],[140.104368,36.094371],[140.104376,36.094374],[140.104317,36.09446],[140.104265,36.094437],[140.104284,36.09441],[140.104143,36.094345],[140.104138,36.094355],[140.104105,36.094362],[140.104044,36.094332],[140.104007,36.094317]]]}},{"type":"Feature","properties":{"height":3},"geometry":{"type":"Polygon","coordinates":[[[140.103753,36.096631],[140.103772,36.096528],[140.1038,36.096531],[140.103782,36.096634],[140.103753,36.096631]]]}},{"type":"Feature","properties":{"height":3},"geometry":{"type":"Polygon","coordinates":[[[140.103478,36.097034],[140.103482,36.097011],[140.10352,36.097015],[140.103517,36.097038],[140.103478,36.097034]]]}},{"type":"Feature","properties":{"height":3},"geometry":{"type":"Polygon","coordinates":[[[140.105312,36.09739],[140.105316,36.097369],[140.105394,36.097379],[140.10539,36.0974],[140.105312,36.09739]]]}},{"type":"Feature","properties":{"height":3},"geometry":{"type":"Polygon","coordinates":[[[140.100689,36.09536],[140.100703,36.095341],[140.100732,36.095355],[140.100717,36.095374],[140.100689,36.09536]]]}},{"type":"Feature","properties":{"height":3},"geometry":{"type":"Polygon","coordinates":[[[140.10261,36.094845],[140.102626,36.094823],[140.102702,36.094859],[140.102686,36.094881],[140.10261,36.094845]]]}},{"type":"Feature","properties":{"height":3},"geometry":{"type":"Polygon","coordinates":[[[140.102765,36.094825],[140.102785,36.094797],[140.102862,36.094833],[140.102842,36.094861],[140.102816,36.094849],[140.102811,36.094857],[140.102783,36.094844],[140.102788,36.094836],[140.102765,36.094825]]]}},{"type":"Feature","properties":{"height":3},"geometry":{"type":"Polygon","coordinates":[[[140.100728,36.093791],[140.100757,36.09375],[140.100776,36.093759],[140.100747,36.0938],[140.100728,36.093791]]]}},{"type":"Feature","properties":{"height":3},"geometry":{"type":"Polygon","coordinates":[[[140.105441,36.094361],[140.105499,36.094332],[140.105513,36.09435],[140.105456,36.09438],[140.105441,36.094361]]]}},{"type":"Feature","properties":{"height":3},"geometry":{"type":"Polygon","coordinates":[[[140.104238,36.097595],[140.104243,36.097573],[140.104307,36.097583],[140.104302,36.097604],[140.104238,36.097595]]]}},{"type":"Feature","properties":{"height":42.6},"geometry":{"type":"Polygon","coordinates":[[[140.101597,36.092254],[140.101739,36.092053],[140.101686,36.092028],[140.101694,36.092017],[140.10169,36.092016],[140.101694,36.09201],[140.10168,36.092004],[140.101712,36.091958],[140.101726,36.091965],[140.101779,36.09189],[140.101783,36.091892],[140.101791,36.091881],[140.101844,36.091905],[140.101896,36.091831],[140.102831,36.092266],[140.102779,36.09234],[140.102832,36.092365],[140.102824,36.092376],[140.102829,36.092378],[140.102776,36.092453],[140.10279,36.09246],[140.102758,36.092505],[140.102744,36.092499],[140.10274,36.092504],[140.102736,36.092502],[140.102729,36.092513],[140.102675,36.092488],[140.10266,36.09251],[140.102666,36.092512],[140.102594,36.092615],[140.102588,36.092612],[140.102583,36.092619],[140.102496,36.092579],[140.102446,36.09265],[140.102158,36.092515],[140.102104,36.092592],[140.101977,36.092533],[140.102031,36.092457],[140.101597,36.092254]]]}},{"type":"Feature","properties":{"height":4},"geometry":{"type":"Polygon","coordinates":[[[140.105227,36.093382],[140.105366,36.093352],[140.10536,36.093333],[140.105389,36.09335],[140.105391,36.093364],[140.105422,36.093378],[140.105437,36.09342],[140.105421,36.093444],[140.105428,36.093462],[140.105411,36.093487],[140.105405,36.093467],[140.105265,36.093497],[140.105227,36.093382]]]}},{"type":"Feature","properties":{"height":3},"geometry":{"type":"Polygon","coordinates":[[[140.103073,36.097548],[140.103077,36.097526],[140.103131,36.097533],[140.103126,36.097555],[140.103073,36.097548]]]}},{"type":"Feature","properties":{"height":3},"geometry":{"type":"Polygon","coordinates":[[[140.103131,36.09839],[140.103143,36.098326],[140.103355,36.098353],[140.103343,36.098416],[140.103131,36.09839]]]}},{"type":"Feature","properties":{"height":3},"geometry":{"type":"Polygon","coordinates":[[[140.103685,36.094681],[140.103698,36.094663],[140.103808,36.094714],[140.103794,36.094733],[140.103685,36.094681]]]}},{"type":"Feature","properties":{"height":3},"geometry":{"type":"Polygon","coordinates":[[[140.103583,36.096466],[140.103588,36.096444],[140.103631,36.096451],[140.103626,36.096473],[140.103583,36.096466]]]}},{"type":"Feature","properties":{"height":3.6},"geometry":{"type":"Polygon","coordinates":[[[140.10504,36.098492],[140.105106,36.098453],[140.105088,36.098426],[140.10511,36.098417],[140.105109,36.098422],[140.105122,36.098436],[140.105133,36.098438],[140.105145,36.098449],[140.105122,36.098462],[140.105122,36.098464],[140.105063,36.098499],[140.105083,36.098521],[140.105073,36.098528],[140.10504,36.098492]]]}},{"type":"Feature","properties":{"height":3.2},"geometry":{"type":"Polygon","coordinates":[[[140.101637,36.094875],[140.10166,36.094844],[140.101718,36.094872],[140.101696,36.094903],[140.101637,36.094875]]]}},{"type":"Feature","properties":{"height":3},"geometry":{"type":"Polygon","coordinates":[[[140.104704,36.095117],[140.104753,36.095059],[140.104777,36.095073],[140.104728,36.09513],[140.104704,36.095117]]]}},{"type":"Feature","properties":{"height":5.4},"geometry":{"type":"Polygon","coordinates":[[[140.101106,36.093452],[140.101131,36.093416],[140.101285,36.093487],[140.10126,36.093523],[140.101106,36.093452]]]}},{"type":"Feature","properties":{"height":3},"geometry":{"type":"Polygon","coordinates":[[[140.105503,36.09759],[140.105591,36.097586],[140.105593,36.097608],[140.105505,36.097613],[140.105503,36.09759]]]}},{"type":"Feature","properties":{"height":3},"geometry":{"type":"Polygon","coordinates":[[[140.102834,36.097553],[140.102844,36.0975],[140.102871,36.097504],[140.102861,36.097556],[140.102834,36.097553]]]}},{"type":"Feature","properties":{"height":11.9},"geometry":{"type":"Polygon","coordinates":[[[140.103795,36.096614],[140.103802,36.096576],[140.103822,36.096578],[140.103833,36.096524],[140.103807,36.096521],[140.103815,36.096482],[140.103839,36.096485],[140.10385,36.096429],[140.103831,36.096427],[140.103846,36.096352],[140.103863,36.096354],[140.103874,36.096299],[140.103851,36.096296],[140.103858,36.096257],[140.103881,36.09626],[140.103893,36.096205],[140.103874,36.096203],[140.103881,36.096164],[140.103979,36.096177],[140.103975,36.096194],[140.103986,36.096196],[140.103971,36.096272],[140.10396,36.096271],[140.103953,36.096307],[140.103964,36.096308],[140.103949,36.096385],[140.103939,36.096384],[140.103932,36.096419],[140.103943,36.096421],[140.103927,36.096497],[140.103917,36.096495],[140.10391,36.09653],[140.103921,36.096532],[140.103906,36.096609],[140.103895,36.096607],[140.103891,36.096627],[140.103795,36.096614]]]}},{"type":"Feature","properties":{"height":5.1},"geometry":{"type":"Polygon","coordinates":[[[140.103302,36.098278],[140.10334,36.098083],[140.103605,36.098118],[140.103606,36.098111],[140.103678,36.09812],[140.103628,36.098371],[140.103457,36.098349],[140.103467,36.0983],[140.103302,36.098278]]]}},{"type":"Feature","properties":{"height":3},"geometry":{"type":"Polygon","coordinates":[[[140.104581,36.095153],[140.104666,36.09514],[140.104671,36.095161],[140.104586,36.095174],[140.104581,36.095153]]]}},{"type":"Feature","properties":{"height":11.5},"geometry":{"type":"Polygon","coordinates":[[[140.105498,36.093898],[140.105587,36.093879],[140.105635,36.094026],[140.105662,36.094038],[140.105668,36.09403],[140.105693,36.094041],[140.105687,36.09405],[140.105714,36.094062],[140.105918,36.094018],[140.105985,36.093921],[140.106009,36.093932],[140.106026,36.09393],[140.106038,36.093909],[140.106163,36.093967],[140.106118,36.094031],[140.106073,36.09401],[140.106086,36.093993],[140.106033,36.093967],[140.106026,36.093969],[140.10596,36.094064],[140.105705,36.094119],[140.105675,36.094163],[140.105662,36.094166],[140.105627,36.094149],[140.105622,36.094139],[140.105654,36.094096],[140.10563,36.094084],[140.105618,36.094102],[140.105606,36.094105],[140.105569,36.09409],[140.105566,36.094079],[140.10558,36.09406],[140.105537,36.093932],[140.105513,36.093939],[140.105498,36.093898]]]}},{"type":"Feature","properties":{"height":7.5},"geometry":{"type":"Polygon","coordinates":[[[140.103278,36.097444],[140.103291,36.097376],[140.103319,36.097379],[140.103305,36.097448],[140.103278,36.097444]]]}},{"type":"Feature","properties":{"height":3},"geometry":{"type":"Polygon","coordinates":[[[140.103868,36.096104],[140.103885,36.096016],[140.103912,36.096019],[140.103895,36.096108],[140.103868,36.096104]]]}},{"type":"Feature","properties":{"height":3},"geometry":{"type":"Polygon","coordinates":[[[140.10274,36.097662],[140.102756,36.097569],[140.102803,36.097575],[140.102787,36.097667],[140.10274,36.097662]]]}},{"type":"Feature","properties":{"height":3},"geometry":{"type":"Polygon","coordinates":[[[140.103679,36.098118],[140.10368,36.098111],[140.103702,36.098114],[140.103708,36.098085],[140.10372,36.098086],[140.103712,36.098123],[140.103679,36.098118]]]}},{"type":"Feature","properties":{"height":3},"geometry":{"type":"Polygon","coordinates":[[[140.100755,36.093745],[140.100777,36.093713],[140.100801,36.093724],[140.100778,36.093756],[140.100755,36.093745]]]}},{"type":"Feature","properties":{"height":3},"geometry":{"type":"Polygon","coordinates":[[[140.101052,36.095229],[140.101079,36.095193],[140.101102,36.095205],[140.101075,36.09524],[140.101052,36.095229]]]}},{"type":"Feature","properties":{"height":3},"geometry":{"type":"Polygon","coordinates":[[[140.105685,36.094481],[140.105691,36.09446],[140.105775,36.094479],[140.105768,36.094499],[140.105685,36.094481]]]}},{"type":"Feature","properties":{"height":3},"geometry":{"type":"Polygon","coordinates":[[[140.101161,36.095211],[140.101238,36.095104],[140.101253,36.095111],[140.101176,36.095218],[140.101161,36.095211]]]}},{"type":"Feature","properties":{"height":3},"geometry":{"type":"Polygon","coordinates":[[[140.103224,36.093772],[140.103235,36.093756],[140.103281,36.093778],[140.10327,36.093794],[140.103224,36.093772]]]}},{"type":"Feature","properties":{"height":9.5},"geometry":{"type":"Polygon","coordinates":[[[140.104842,36.096234],[140.104861,36.096134],[140.104873,36.096136],[140.104891,36.096042],[140.104879,36.09604],[140.104889,36.095988],[140.105014,36.096004],[140.104957,36.096298],[140.104843,36.096283],[140.104852,36.096235],[140.104842,36.096234]]]}},{"type":"Feature","properties":{"height":3},"geometry":{"type":"Polygon","coordinates":[[[140.104066,36.094888],[140.104072,36.094879],[140.104114,36.094898],[140.104108,36.094907],[140.104066,36.094888]]]}},{"type":"Feature","properties":{"height":3},"geometry":{"type":"Polygon","coordinates":[[[140.105857,36.095141],[140.105912,36.094979],[140.105939,36.094985],[140.105884,36.095147],[140.105857,36.095141]]]}},{"type":"Feature","properties":{"height":3},"geometry":{"type":"Polygon","coordinates":[[[140.1041,36.095579],[140.104159,36.095496],[140.104182,36.095507],[140.104123,36.09559],[140.1041,36.095579]]]}},{"type":"Feature","properties":{"height":29.4},"geometry":{"type":"Polygon","coordinates":[[[140.099794,36.094276],[140.100002,36.093984],[140.100399,36.094171],[140.100191,36.094463],[140.099794,36.094276]]]}},{"type":"Feature","properties":{"height":3},"geometry":{"type":"Polygon","coordinates":[[[140.103809,36.097447],[140.103842,36.097281],[140.103866,36.097284],[140.103833,36.097451],[140.103809,36.097447]]]}},{"type":"Feature","properties":{"height":11.2},"geometry":{"type":"Polygon","coordinates":[[[140.104574,36.094574],[140.104618,36.09451],[140.104639,36.09452],[140.104651,36.094503],[140.104853,36.094596],[140.104842,36.094613],[140.104862,36.094623],[140.104817,36.094687],[140.104777,36.094668],[140.104789,36.09465],[140.104728,36.094622],[140.104716,36.09464],[140.104676,36.094621],[140.104689,36.094603],[140.104627,36.094575],[140.104614,36.094592],[140.104574,36.094574]]]}},{"type":"Feature","properties":{"height":11.8},"geometry":{"type":"Polygon","coordinates":[[[140.102222,36.092968],[140.102242,36.092939],[140.102417,36.093019],[140.102396,36.093049],[140.102222,36.092968]]]}},{"type":"Feature","properties":{"height":9.8},"geometry":{"type":"Polygon","coordinates":[[[140.104888,36.096759],[140.104945,36.096465],[140.105059,36.09648],[140.10505,36.096528],[140.105061,36.096529],[140.105042,36.096628],[140.105032,36.096627],[140.105013,36.096722],[140.105021,36.096723],[140.105011,36.096774],[140.104888,36.096759]]]}},{"type":"Feature","properties":{"height":16.4},"geometry":{"type":"Polygon","coordinates":[[[140.102501,36.093685],[140.102517,36.093662],[140.102541,36.093672],[140.102524,36.093696],[140.102501,36.093685]]]}},{"type":"Feature","properties":{"height":3},"geometry":{"type":"Polygon","coordinates":[[[140.103084,36.098452],[140.103095,36.098399],[140.103122,36.098403],[140.103111,36.098456],[140.103084,36.098452]]]}},{"type":"Feature","properties":{"height":3},"geometry":{"type":"Polygon","coordinates":[[[140.10103,36.093489],[140.101045,36.093467],[140.101056,36.093472],[140.101041,36.093494],[140.10103,36.093489]]]}},{"type":"Feature","properties":{"height":3},"geometry":{"type":"Polygon","coordinates":[[[140.103665,36.098423],[140.103674,36.098377],[140.103744,36.098386],[140.103735,36.098432],[140.103665,36.098423]]]}},{"type":"Feature","properties":{"height":6.2},"geometry":{"type":"Polygon","coordinates":[[[140.10511,36.098334],[140.105125,36.098326],[140.10518,36.098331],[140.105176,36.098355],[140.105121,36.098348],[140.10511,36.098334]]]}},{"type":"Feature","properties":{"height":7.9},"geometry":{"type":"Polygon","coordinates":[[[140.102931,36.094267],[140.102947,36.094243],[140.102934,36.094237],[140.102985,36.094165],[140.103151,36.094242],[140.103083,36.094338],[140.102931,36.094267]]]}},{"type":"Feature","properties":{"height":3},"geometry":{"type":"Polygon","coordinates":[[[140.103555,36.096613],[140.103559,36.09659],[140.103602,36.096596],[140.103598,36.096618],[140.103555,36.096613]]]}},{"type":"Feature","properties":{"height":3},"geometry":{"type":"Polygon","coordinates":[[[140.105685,36.094542],[140.105707,36.094531],[140.105798,36.094642],[140.105776,36.094654],[140.105685,36.094542]]]}},{"type":"Feature","properties":{"height":3},"geometry":{"type":"Polygon","coordinates":[[[140.103534,36.092625],[140.103544,36.09261],[140.103563,36.09262],[140.103553,36.092634],[140.103534,36.092625]]]}},{"type":"Feature","properties":{"height":3},"geometry":{"type":"Polygon","coordinates":[[[140.105213,36.09472],[140.105238,36.094711],[140.105266,36.094759],[140.10524,36.094768],[140.105213,36.09472]]]}},{"type":"Feature","properties":{"height":3},"geometry":{"type":"Polygon","coordinates":[[[140.105397,36.096126],[140.1054,36.09611],[140.105526,36.096127],[140.105522,36.096143],[140.105397,36.096126]]]}},{"type":"Feature","properties":{"height":3},"geometry":{"type":"Polygon","coordinates":[[[140.104254,36.097992],[140.104257,36.097983],[140.104288,36.097988],[140.104286,36.097997],[140.104254,36.097992]]]}},{"type":"Feature","properties":{"height":10},"geometry":{"type":"Polygon","coordinates":[[[140.105584,36.096797],[140.105603,36.096697],[140.105614,36.096698],[140.105632,36.096603],[140.105622,36.096602],[140.105641,36.096501],[140.10565,36.096502],[140.105659,36.096456],[140.105775,36.09647],[140.105702,36.09686],[140.105584,36.096846],[140.105593,36.096798],[140.105584,36.096797]]]}},{"type":"Feature","properties":{"height":3},"geometry":{"type":"Polygon","coordinates":[[[140.098676,36.106896],[140.098682,36.106887],[140.098698,36.106894],[140.098693,36.106903],[140.098676,36.106896]]]}},{"type":"Feature","properties":{"height":7.1},"geometry":{"type":"Polygon","coordinates":[[[140.099471,36.106392],[140.099485,36.106372],[140.099503,36.10638],[140.099489,36.1064],[140.099471,36.106392]]]}},{"type":"Feature","properties":{"height":3},"geometry":{"type":"Polygon","coordinates":[[[140.098867,36.107783],[140.098927,36.107693],[140.098951,36.107703],[140.098891,36.107794],[140.098867,36.107783]]]}},{"type":"Feature","properties":{"height":5.6},"geometry":{"type":"Polygon","coordinates":[[[140.097963,36.108249],[140.09804,36.108131],[140.098104,36.108158],[140.098027,36.108276],[140.097963,36.108249]]]}},{"type":"Feature","properties":{"height":3},"geometry":{"type":"Polygon","coordinates":[[[140.098685,36.106946],[140.098713,36.106898],[140.098736,36.106907],[140.098708,36.106955],[140.098685,36.106946]]]}},{"type":"Feature","properties":{"height":8.9},"geometry":{"type":"Polygon","coordinates":[[[140.098129,36.107717],[140.098206,36.107598],[140.09828,36.107629],[140.098299,36.1076],[140.098376,36.107633],[140.098357,36.107663],[140.098431,36.107694],[140.098354,36.107813],[140.09828,36.107781],[140.098262,36.10781],[140.098184,36.107777],[140.098202,36.107748],[140.098129,36.107717]]]}},{"type":"Feature","properties":{"height":4.2},"geometry":{"type":"Polygon","coordinates":[[[140.098712,36.106219],[140.098717,36.106211],[140.09877,36.106235],[140.098746,36.106271],[140.098738,36.106268],[140.098757,36.106239],[140.098712,36.106219]]]}},{"type":"Feature","properties":{"height":3},"geometry":{"type":"Polygon","coordinates":[[[140.099568,36.1064],[140.099582,36.106378],[140.099591,36.106382],[140.099577,36.106403],[140.099568,36.1064]]]}},{"type":"Feature","properties":{"height":3},"geometry":{"type":"Polygon","coordinates":[[[140.098257,36.107831],[140.098269,36.107812],[140.098347,36.107843],[140.098335,36.107863],[140.098257,36.107831]]]}},{"type":"Feature","properties":{"height":3},"geometry":{"type":"Polygon","coordinates":[[[140.099006,36.107346],[140.099021,36.107321],[140.099047,36.107332],[140.099031,36.107357],[140.099006,36.107346]]]}},{"type":"Feature","properties":{"height":6.5},"geometry":{"type":"Polygon","coordinates":[[[140.099193,36.107064],[140.099279,36.106933],[140.09943,36.106998],[140.099419,36.107016],[140.099488,36.107046],[140.099467,36.107079],[140.099474,36.107082],[140.099414,36.107174],[140.099198,36.107081],[140.099206,36.10707],[140.099193,36.107064]]]}},{"type":"Feature","properties":{"height":4.4},"geometry":{"type":"Polygon","coordinates":[[[140.098972,36.106821],[140.098989,36.106799],[140.099011,36.106811],[140.098994,36.106832],[140.098972,36.106821]]]}},{"type":"Feature","properties":{"height":10.1},"geometry":{"type":"Polygon","coordinates":[[[140.098434,36.106654],[140.098705,36.106253],[140.099076,36.106419],[140.098758,36.106888],[140.098456,36.106753],[140.098503,36.106684],[140.098434,36.106654]]]}},{"type":"Feature","properties":{"height":3},"geometry":{"type":"Polygon","coordinates":[[[140.098374,36.108302],[140.098383,36.108289],[140.098403,36.108298],[140.098394,36.108311],[140.098374,36.108302]]]}},{"type":"Feature","properties":{"height":3},"geometry":{"type":"Polygon","coordinates":[[[140.098858,36.106895],[140.098888,36.10685],[140.098952,36.106879],[140.098922,36.106923],[140.098858,36.106895]]]}},{"type":"Feature","properties":{"height":3},"geometry":{"type":"Polygon","coordinates":[[[140.098952,36.107431],[140.098975,36.107394],[140.098993,36.107402],[140.09897,36.107438],[140.098952,36.107431]]]}},{"type":"Feature","properties":{"height":3},"geometry":{"type":"Polygon","coordinates":[[[140.09969,36.106652],[140.099704,36.10663],[140.099725,36.106639],[140.09971,36.106661],[140.09969,36.106652]]]}},{"type":"Feature","properties":{"height":6.2},"geometry":{"type":"Polygon","coordinates":[[[140.099801,36.106739],[140.099926,36.106556],[140.100038,36.106606],[140.099914,36.106788],[140.099801,36.106739]]]}},{"type":"Feature","properties":{"height":3},"geometry":{"type":"Polygon","coordinates":[[[140.099024,36.10732],[140.099031,36.107309],[140.099048,36.107316],[140.099041,36.107327],[140.099024,36.10732]]]}},{"type":"Feature","properties":{"height":5.6},"geometry":{"type":"Polygon","coordinates":[[[140.099032,36.107298],[140.09909,36.107209],[140.099315,36.107306],[140.099257,36.107395],[140.099032,36.107298]]]}},{"type":"Feature","properties":{"height":3},"geometry":{"type":"Polygon","coordinates":[[[140.098932,36.106767],[140.098968,36.106714],[140.098992,36.106725],[140.098956,36.106778],[140.098932,36.106767]]]}},{"type":"Feature","properties":{"height":13.9},"geometry":{"type":"Polygon","coordinates":[[[140.098843,36.106763],[140.098856,36.106743],[140.098928,36.106775],[140.098915,36.106795],[140.098843,36.106763]]]}},{"type":"Feature","properties":{"height":8.7},"geometry":{"type":"Polygon","coordinates":[[[140.098426,36.106287],[140.098618,36.106001],[140.098683,36.10603],[140.098579,36.106184],[140.098627,36.106205],[140.098539,36.106337],[140.098426,36.106287]]]}},{"type":"Feature","properties":{"height":3},"geometry":{"type":"Polygon","coordinates":[[[140.099153,36.106446],[140.099164,36.106429],[140.099231,36.106459],[140.09922,36.106475],[140.099153,36.106446]]]}},{"type":"Feature","properties":{"height":8.9},"geometry":{"type":"Polygon","coordinates":[[[140.098855,36.107612],[140.098933,36.107491],[140.099144,36.107581],[140.099193,36.107505],[140.099203,36.10751],[140.099245,36.107445],[140.099547,36.107574],[140.099302,36.107951],[140.098928,36.107791],[140.09895,36.107756],[140.098933,36.107749],[140.098964,36.107701],[140.098981,36.107709],[140.099002,36.107675],[140.098855,36.107612]]]}},{"type":"Feature","properties":{"height":6},"geometry":{"type":"Polygon","coordinates":[[[140.098984,36.106555],[140.098999,36.106534],[140.099021,36.106544],[140.099007,36.106566],[140.098984,36.106555]]]}},{"type":"Feature","properties":{"height":3},"geometry":{"type":"Polygon","coordinates":[[[140.099471,36.106354],[140.099476,36.106347],[140.099492,36.106354],[140.099487,36.106361],[140.099471,36.106354]]]}},{"type":"Feature","properties":{"height":4.4},"geometry":{"type":"Polygon","coordinates":[[[140.099121,36.107174],[140.099167,36.107104],[140.099324,36.107172],[140.099278,36.107242],[140.099121,36.107174]]]}},{"type":"Feature","properties":{"height":4},"geometry":{"type":"Polygon","coordinates":[[[140.098651,36.106191],[140.098655,36.106184],[140.098689,36.106199],[140.098684,36.106206],[140.098651,36.106191]]]}},{"type":"Feature","properties":{"height":8.6},"geometry":{"type":"Polygon","coordinates":[[[140.099532,36.106617],[140.099591,36.106529],[140.099731,36.106591],[140.099671,36.106679],[140.099532,36.106617]]]}},{"type":"Feature","properties":{"height":3},"geometry":{"type":"Polygon","coordinates":[[[140.098829,36.107766],[140.098888,36.107677],[140.098913,36.107688],[140.098854,36.107777],[140.098829,36.107766]]]}},{"type":"Feature","properties":{"height":3},"geometry":{"type":"Polygon","coordinates":[[[140.098627,36.106288],[140.098661,36.10624],[140.09869,36.106253],[140.098657,36.106302],[140.098627,36.106288]]]}},{"type":"Feature","properties":{"height":5.4},"geometry":{"type":"Polygon","coordinates":[[[140.098052,36.107685],[140.098129,36.107565],[140.098206,36.107598],[140.098129,36.107717],[140.098052,36.107685]]]}},{"type":"Feature","properties":{"height":3},"geometry":{"type":"Polygon","coordinates":[[[140.098631,36.107271],[140.098667,36.10722],[140.098714,36.107241],[140.098679,36.107292],[140.098631,36.107271]]]}},{"type":"Feature","properties":{"height":3},"geometry":{"type":"Polygon","coordinates":[[[140.098908,36.107778],[140.098926,36.107751],[140.098948,36.10776],[140.09893,36.107787],[140.098908,36.107778]]]}},{"type":"Feature","properties":{"height":8.6},"geometry":{"type":"Polygon","coordinates":[[[140.098963,36.106288],[140.099047,36.106165],[140.099491,36.106363],[140.09937,36.106542],[140.09922,36.106475],[140.099239,36.106447],[140.099172,36.106417],[140.099153,36.106446],[140.098977,36.106367],[140.099015,36.106311],[140.098963,36.106288]]]}},{"type":"Feature","properties":{"height":3.4},"geometry":{"type":"Polygon","coordinates":[[[140.098563,36.107163],[140.098609,36.107095],[140.098661,36.107119],[140.098665,36.107112],[140.098686,36.107121],[140.098681,36.107129],[140.098764,36.107166],[140.098768,36.10716],[140.098788,36.107169],[140.098784,36.107175],[140.098855,36.107206],[140.09881,36.107272],[140.098563,36.107163]]]}},{"type":"Feature","properties":{"height":3},"geometry":{"type":"Polygon","coordinates":[[[140.098738,36.107319],[140.09875,36.1073],[140.098795,36.107319],[140.098783,36.107338],[140.098738,36.107319]]]}},{"type":"Feature","properties":{"height":3.3},"geometry":{"type":"Polygon","coordinates":[[[140.098761,36.106075],[140.098778,36.106049],[140.098861,36.106087],[140.098843,36.106112],[140.098761,36.106075]]]}},{"type":"Feature","properties":{"height":3.6},"geometry":{"type":"Polygon","coordinates":[[[140.09867,36.106225],[140.098703,36.106177],[140.098732,36.10619],[140.098699,36.106238],[140.09867,36.106225]]]}},{"type":"Feature","properties":{"height":3.3},"geometry":{"type":"Polygon","coordinates":[[[140.098817,36.107496],[140.098847,36.10745],[140.098906,36.107475],[140.098877,36.107521],[140.098817,36.107496]]]}},{"type":"Feature","properties":{"height":3},"geometry":{"type":"Polygon","coordinates":[[[140.098621,36.106921],[140.098648,36.106874],[140.098672,36.106883],[140.098644,36.10693],[140.098621,36.106921]]]}},{"type":"Feature","properties":{"height":3},"geometry":{"type":"Polygon","coordinates":[[[140.10767,36.103767],[140.107673,36.103751],[140.107696,36.103754],[140.107693,36.10377],[140.10767,36.103767]]]}},{"type":"Feature","properties":{"height":8.5},"geometry":{"type":"Polygon","coordinates":[[[140.101072,36.107315],[140.10113,36.107257],[140.10126,36.107341],[140.101203,36.1074],[140.101072,36.107315]]]}},{"type":"Feature","properties":{"height":3},"geometry":{"type":"Polygon","coordinates":[[[140.100808,36.10278],[140.10086,36.102761],[140.100868,36.102774],[140.100816,36.102794],[140.100808,36.10278]]]}},{"type":"Feature","properties":{"height":15},"geometry":{"type":"Polygon","coordinates":[[[140.104738,36.104065],[140.104744,36.104016],[140.104752,36.103986],[140.104763,36.103957],[140.104779,36.103929],[140.104796,36.103905],[140.104818,36.10388],[140.104842,36.103861],[140.104868,36.103845],[140.104893,36.103834],[140.104922,36.103826],[140.104944,36.103822],[140.104984,36.103821],[140.104992,36.103765],[140.105032,36.10377],[140.105023,36.103825],[140.105037,36.103828],[140.105061,36.103836],[140.105087,36.103848],[140.105111,36.103862],[140.105129,36.103876],[140.105145,36.103893],[140.10516,36.103914],[140.105177,36.103954],[140.105188,36.10401],[140.105189,36.104041],[140.105186,36.104071],[140.105181,36.104098],[140.10516,36.104155],[140.105148,36.104178],[140.105131,36.104205],[140.105113,36.104225],[140.105088,36.104246],[140.105077,36.104253],[140.105103,36.104287],[140.10509,36.104294],[140.105085,36.104288],[140.105079,36.104291],[140.105035,36.104291],[140.105052,36.104276],[140.105071,36.10428],[140.105077,36.104277],[140.105064,36.10426],[140.105042,36.104271],[140.105011,36.10428],[140.10498,36.104286],[140.104947,36.104287],[140.104899,36.104282],[140.104874,36.104276],[140.104849,36.104265],[140.104822,36.10425],[140.104802,36.104235],[140.104772,36.104202],[140.104761,36.104183],[140.104742,36.104119],[140.104738,36.104065]]]}},{"type":"Feature","properties":{"height":3},"geometry":{"type":"Polygon","coordinates":[[[140.107753,36.100393],[140.107757,36.100365],[140.107792,36.100369],[140.107788,36.100397],[140.107753,36.100393]]]}},{"type":"Feature","properties":{"height":3},"geometry":{"type":"Polygon","coordinates":[[[140.101016,36.102771],[140.101017,36.10275],[140.10109,36.102753],[140.101089,36.102775],[140.101016,36.102771]]]}},{"type":"Feature","properties":{"height":3},"geometry":{"type":"Polygon","coordinates":[[[140.105309,36.103618],[140.105317,36.103572],[140.105332,36.103573],[140.105325,36.10362],[140.105309,36.103618]]]}},{"type":"Feature","properties":{"height":8},"geometry":{"type":"Polygon","coordinates":[[[140.107088,36.104072],[140.107116,36.103919],[140.107213,36.103931],[140.107226,36.103861],[140.107351,36.103876],[140.107311,36.104097],[140.107302,36.104096],[140.107301,36.104104],[140.107218,36.104094],[140.10722,36.104086],[140.107179,36.104081],[140.107178,36.104091],[140.107094,36.104081],[140.107096,36.104073],[140.107088,36.104072]]]}},{"type":"Feature","properties":{"height":5.6},"geometry":{"type":"Polygon","coordinates":[[[140.106315,36.100716],[140.106336,36.100702],[140.106371,36.100737],[140.10635,36.100751],[140.106315,36.100716]]]}},{"type":"Feature","properties":{"height":3.1},"geometry":{"type":"Polygon","coordinates":[[[140.107606,36.10352],[140.107617,36.103452],[140.107699,36.103461],[140.107688,36.103529],[140.107606,36.10352]]]}},{"type":"Feature","properties":{"height":3},"geometry":{"type":"Polygon","coordinates":[[[140.105317,36.103101],[140.10532,36.103083],[140.105403,36.103092],[140.1054,36.10311],[140.105317,36.103101]]]}},{"type":"Feature","properties":{"height":3.9},"geometry":{"type":"Polygon","coordinates":[[[140.102185,36.104294],[140.1022,36.104255],[140.102233,36.104263],[140.102218,36.104302],[140.102185,36.104294]]]}},{"type":"Feature","properties":{"height":14},"geometry":{"type":"MultiPolygon","coordinates":[[[[140.102406,36.103343],[140.10241,36.103316],[140.102471,36.103323],[140.102466,36.10335],[140.102406,36.103343]]],[[[140.103715,36.103426],[140.103716,36.103423],[140.103718,36.103423],[140.103733,36.103388],[140.103742,36.103386],[140.103756,36.103389],[140.103764,36.103399],[140.103765,36.103406],[140.103762,36.103413],[140.103754,36.103419],[140.103745,36.103421],[140.103743,36.103429],[140.103715,36.103426]]]]}},{"type":"Feature","properties":{"height":3},"geometry":{"type":"Polygon","coordinates":[[[140.107672,36.100395],[140.107675,36.100374],[140.10771,36.100377],[140.107708,36.100398],[140.107672,36.100395]]]}},{"type":"Feature","properties":{"height":3},"geometry":{"type":"Polygon","coordinates":[[[140.104563,36.101678],[140.104567,36.101655],[140.104811,36.101681],[140.104807,36.101704],[140.104563,36.101678]]]}},{"type":"Feature","properties":{"height":4.7},"geometry":{"type":"Polygon","coordinates":[[[140.102231,36.102705],[140.102242,36.102627],[140.102253,36.102628],[140.102268,36.102541],[140.102318,36.102546],[140.102295,36.102712],[140.102293,36.102712],[140.102291,36.102725],[140.102287,36.102725],[140.102274,36.102805],[140.102243,36.102802],[140.102255,36.102723],[140.102247,36.102723],[140.102249,36.102711],[140.102233,36.102709],[140.102233,36.102705],[140.102231,36.102705]]]}},{"type":"Feature","properties":{"height":3},"geometry":{"type":"Polygon","coordinates":[[[140.10529,36.103509],[140.105295,36.103483],[140.105315,36.103485],[140.105311,36.103512],[140.10529,36.103509]]]}},{"type":"Feature","properties":{"height":3},"geometry":{"type":"Polygon","coordinates":[[[140.100886,36.102744],[140.100911,36.102742],[140.100912,36.102753],[140.100887,36.102755],[140.100886,36.102744]]]}},{"type":"Feature","properties":{"height":3},"geometry":{"type":"Polygon","coordinates":[[[140.106781,36.10116],[140.106785,36.101137],[140.1069,36.10115],[140.106896,36.101173],[140.106781,36.10116]]]}},{"type":"Feature","properties":{"height":3},"geometry":{"type":"Polygon","coordinates":[[[140.107623,36.104141],[140.107629,36.104107],[140.107655,36.10411],[140.107649,36.104144],[140.107623,36.104141]]]}},{"type":"Feature","properties":{"height":3.2},"geometry":{"type":"Polygon","coordinates":[[[140.108405,36.100448],[140.108426,36.100361],[140.108494,36.100371],[140.108473,36.100459],[140.108405,36.100448]]]}},{"type":"Feature","properties":{"height":3},"geometry":{"type":"Polygon","coordinates":[[[140.105817,36.10436],[140.105819,36.104344],[140.105825,36.104345],[140.105833,36.1043],[140.105869,36.104305],[140.105858,36.104365],[140.105817,36.10436]]]}},{"type":"Feature","properties":{"height":4.3},"geometry":{"type":"Polygon","coordinates":[[[140.107437,36.104892],[140.107444,36.10485],[140.107462,36.104852],[140.107471,36.104794],[140.10776,36.104827],[140.107739,36.104951],[140.107449,36.104918],[140.107453,36.104893],[140.107437,36.104892]]]}},{"type":"Feature","properties":{"height":3},"geometry":{"type":"Polygon","coordinates":[[[140.101221,36.107165],[140.101231,36.107155],[140.101284,36.107192],[140.10129,36.107187],[140.101296,36.107191],[140.101503,36.106981],[140.101532,36.106999],[140.1013,36.10722],[140.101221,36.107165]]]}},{"type":"Feature","properties":{"height":13.5},"geometry":{"type":"Polygon","coordinates":[[[140.100475,36.107664],[140.100668,36.107362],[140.100855,36.10744],[140.100819,36.107497],[140.100858,36.107513],[140.100956,36.107359],[140.101106,36.107422],[140.100923,36.107706],[140.101145,36.107801],[140.101093,36.107882],[140.100881,36.107792],[140.100855,36.107832],[140.100742,36.107785],[140.100751,36.10777],[140.100701,36.107749],[140.100743,36.107684],[140.100698,36.107665],[140.10068,36.107694],[140.100656,36.107684],[140.100637,36.107713],[140.100506,36.107658],[140.100496,36.107673],[140.100475,36.107664]],[[140.100715,36.107637],[140.100762,36.107658],[140.100839,36.107542],[140.100792,36.107521],[140.100715,36.107637]]]}},{"type":"Feature","properties":{"height":3.4},"geometry":{"type":"Polygon","coordinates":[[[140.101886,36.102462],[140.101902,36.102366],[140.101944,36.102371],[140.101928,36.102466],[140.101886,36.102462]]]}},{"type":"Feature","properties":{"height":4.9},"geometry":{"type":"Polygon","coordinates":[[[140.10113,36.107257],[140.101181,36.107205],[140.101263,36.107258],[140.10126,36.10726],[140.10127,36.107267],[140.101232,36.107306],[140.101222,36.1073],[140.101212,36.10731],[140.10113,36.107257]]]}},{"type":"Feature","properties":{"height":13.5},"geometry":{"type":"Polygon","coordinates":[[[140.100287,36.107952],[140.100407,36.107764],[140.100416,36.107768],[140.100426,36.107753],[140.100541,36.107801],[140.100528,36.10782],[140.100557,36.107832],[140.100441,36.108017],[140.100287,36.107952]]]}},{"type":"Feature","properties":{"height":3},"geometry":{"type":"Polygon","coordinates":[[[140.102721,36.103929],[140.102725,36.103895],[140.102753,36.103897],[140.102749,36.103931],[140.102721,36.103929]]]}},{"type":"Feature","properties":{"height":3},"geometry":{"type":"Polygon","coordinates":[[[140.108402,36.102092],[140.108406,36.10207],[140.108541,36.102086],[140.108536,36.102108],[140.108402,36.102092]]]}},{"type":"Feature","properties":{"height":3},"geometry":{"type":"Polygon","coordinates":[[[140.107802,36.103792],[140.107806,36.10377],[140.107862,36.103778],[140.107857,36.103799],[140.107802,36.103792]]]}},{"type":"Feature","properties":{"height":9.8},"geometry":{"type":"Polygon","coordinates":[[[140.101942,36.102382],[140.101957,36.102295],[140.102177,36.102319],[140.102163,36.102406],[140.101942,36.102382]]]}},{"type":"Feature","properties":{"height":6.8},"geometry":{"type":"Polygon","coordinates":[[[140.103743,36.103429],[140.103745,36.103421],[140.103754,36.103419],[140.103757,36.103417],[140.103965,36.103439],[140.103961,36.103464],[140.103834,36.10345],[140.103835,36.103443],[140.103819,36.103441],[140.10382,36.103438],[140.103743,36.103429]]]}},{"type":"Feature","properties":{"height":3},"geometry":{"type":"Polygon","coordinates":[[[140.102806,36.103737],[140.102824,36.103636],[140.102851,36.103639],[140.102833,36.10374],[140.102806,36.103737]]]}},{"type":"Feature","properties":{"height":6.1},"geometry":{"type":"Polygon","coordinates":[[[140.108088,36.100096],[140.108111,36.099996],[140.108179,36.100007],[140.108173,36.100036],[140.108191,36.100039],[140.108181,36.100082],[140.108163,36.100079],[140.108156,36.100106],[140.108088,36.100096]]]}},{"type":"Feature","properties":{"height":3},"geometry":{"type":"Polygon","coordinates":[[[140.101527,36.106734],[140.101544,36.106717],[140.101613,36.106762],[140.101596,36.106778],[140.101527,36.106734]]]}},{"type":"Feature","properties":{"height":14.8},"geometry":{"type":"Polygon","coordinates":[[[140.102493,36.102482],[140.102539,36.10221],[140.102567,36.102213],[140.102565,36.102227],[140.103042,36.10228],[140.103023,36.102395],[140.103005,36.102393],[140.102982,36.102533],[140.102845,36.102518],[140.102842,36.10253],[140.102777,36.102523],[140.10278,36.102505],[140.102526,36.102476],[140.102524,36.102485],[140.102493,36.102482]]]}},{"type":"Feature","properties":{"height":9.4},"geometry":{"type":"Polygon","coordinates":[[[140.101484,36.107062],[140.10154,36.107005],[140.101503,36.106981],[140.101661,36.10682],[140.101657,36.106818],[140.101673,36.106802],[140.101807,36.106889],[140.101736,36.106961],[140.101705,36.106941],[140.101654,36.106993],[140.101622,36.106973],[140.101516,36.107082],[140.101484,36.107062]]]}},{"type":"Feature","properties":{"height":3},"geometry":{"type":"Polygon","coordinates":[[[140.100885,36.102837],[140.100907,36.102837],[140.100907,36.102849],[140.100886,36.10285],[140.100885,36.102837]]]}},{"type":"Feature","properties":{"height":3.5},"geometry":{"type":"Polygon","coordinates":[[[140.107726,36.100499],[140.107743,36.100392],[140.107868,36.100406],[140.10785,36.100512],[140.107726,36.100499]]]}},{"type":"Feature","properties":{"height":3.3},"geometry":{"type":"Polygon","coordinates":[[[140.104205,36.102344],[140.10421,36.102317],[140.104242,36.10232],[140.104237,36.102348],[140.104205,36.102344]]]}},{"type":"Feature","properties":{"height":3},"geometry":{"type":"Polygon","coordinates":[[[140.10278,36.103882],[140.102798,36.10378],[140.102825,36.103783],[140.102808,36.103885],[140.10278,36.103882]]]}},{"type":"Feature","properties":{"height":5.2},"geometry":{"type":"Polygon","coordinates":[[[140.106872,36.100995],[140.107029,36.100898],[140.107107,36.100981],[140.107036,36.101025],[140.107073,36.101064],[140.107143,36.101021],[140.107214,36.101097],[140.107057,36.101194],[140.107019,36.101153],[140.106999,36.101166],[140.106952,36.101116],[140.106948,36.101118],[140.106915,36.101084],[140.10694,36.101068],[140.106872,36.100995]]]}},{"type":"Feature","properties":{"height":3.3},"geometry":{"type":"Polygon","coordinates":[[[140.101641,36.103357],[140.101644,36.103321],[140.101676,36.103323],[140.101673,36.103359],[140.101641,36.103357]]]}},{"type":"Feature","properties":{"height":3},"geometry":{"type":"Polygon","coordinates":[[[140.10688,36.100361],[140.106899,36.100346],[140.106991,36.100422],[140.106972,36.100437],[140.10688,36.100361]]]}},{"type":"Feature","properties":{"height":3},"geometry":{"type":"Polygon","coordinates":[[[140.107065,36.100501],[140.107119,36.100491],[140.107122,36.100503],[140.107097,36.100508],[140.107099,36.100512],[140.107084,36.100515],[140.107082,36.100509],[140.107068,36.100511],[140.107065,36.100501]]]}},{"type":"Feature","properties":{"height":3},"geometry":{"type":"Polygon","coordinates":[[[140.107441,36.100348],[140.107491,36.100247],[140.107508,36.100253],[140.107459,36.100353],[140.107441,36.100348]]]}},{"type":"Feature","properties":{"height":3},"geometry":{"type":"Polygon","coordinates":[[[140.107766,36.103781],[140.107769,36.103766],[140.107792,36.103769],[140.107789,36.103784],[140.107766,36.103781]]]}},{"type":"Feature","properties":{"height":3},"geometry":{"type":"Polygon","coordinates":[[[140.107597,36.100397],[140.107603,36.10038],[140.107634,36.100387],[140.107628,36.100405],[140.107597,36.100397]]]}},{"type":"Feature","properties":{"height":3},"geometry":{"type":"Polygon","coordinates":[[[140.105848,36.103898],[140.105851,36.103879],[140.105863,36.10388],[140.10586,36.103899],[140.105848,36.103898]]]}},{"type":"Feature","properties":{"height":8.5},"geometry":{"type":"Polygon","coordinates":[[[140.104611,36.103201],[140.104633,36.103065],[140.104963,36.103101],[140.105029,36.102701],[140.105205,36.10272],[140.105156,36.10302],[140.105093,36.103013],[140.105087,36.10305],[140.105231,36.103066],[140.105209,36.103202],[140.104916,36.10317],[140.104906,36.103234],[140.104611,36.103201]]]}},{"type":"Feature","properties":{"height":3},"geometry":{"type":"Polygon","coordinates":[[[140.10795,36.103185],[140.107955,36.103152],[140.107958,36.103152],[140.107959,36.103144],[140.107981,36.103147],[140.107979,36.103154],[140.107987,36.103155],[140.107981,36.103189],[140.10795,36.103185]]]}},{"type":"Feature","properties":{"height":5.7},"geometry":{"type":"Polygon","coordinates":[[[140.100041,36.10819],[140.100197,36.107944],[140.100424,36.108039],[140.100268,36.108285],[140.100041,36.10819]]]}},{"type":"Feature","properties":{"height":3},"geometry":{"type":"Polygon","coordinates":[[[140.100592,36.106983],[140.100597,36.106972],[140.100611,36.106977],[140.100605,36.106988],[140.100592,36.106983]]]}},{"type":"Feature","properties":{"height":3.3},"geometry":{"type":"Polygon","coordinates":[[[140.106908,36.100424],[140.106928,36.100408],[140.10696,36.100435],[140.106939,36.100451],[140.106908,36.100424]]]}},{"type":"Feature","properties":{"height":3},"geometry":{"type":"Polygon","coordinates":[[[140.101331,36.10772],[140.101349,36.107698],[140.101377,36.107712],[140.101359,36.107734],[140.101331,36.10772]]]}},{"type":"Feature","properties":{"height":6.3},"geometry":{"type":"Polygon","coordinates":[[[140.101856,36.104186],[140.101939,36.103962],[140.102178,36.10402],[140.102095,36.104244],[140.101856,36.104186]]]}},{"type":"Feature","properties":{"height":3},"geometry":{"type":"Polygon","coordinates":[[[140.102528,36.104437],[140.102537,36.104418],[140.102692,36.104462],[140.102684,36.104481],[140.102528,36.104437]]]}},{"type":"Feature","properties":{"height":3},"geometry":{"type":"Polygon","coordinates":[[[140.105627,36.101658],[140.105629,36.101642],[140.105641,36.101643],[140.105639,36.10166],[140.105627,36.101658]]]}},{"type":"Feature","properties":{"height":3},"geometry":{"type":"Polygon","coordinates":[[[140.107906,36.103435],[140.10791,36.103412],[140.107937,36.103415],[140.107933,36.103438],[140.107906,36.103435]]]}},{"type":"Feature","properties":{"height":8.6},"geometry":{"type":"Polygon","coordinates":[[[140.102434,36.106072],[140.102443,36.106048],[140.102467,36.106053],[140.102603,36.105995],[140.102625,36.106025],[140.102589,36.106041],[140.102566,36.106103],[140.102434,36.106072]]]}},{"type":"Feature","properties":{"height":3},"geometry":{"type":"Polygon","coordinates":[[[140.107695,36.10377],[140.107698,36.103755],[140.107723,36.103758],[140.10772,36.103773],[140.107695,36.10377]]]}},{"type":"Feature","properties":{"height":4.8},"geometry":{"type":"Polygon","coordinates":[[[140.107746,36.104951],[140.107769,36.104814],[140.107922,36.104831],[140.107899,36.104968],[140.107746,36.104951]]]}},{"type":"Feature","properties":{"height":3},"geometry":{"type":"Polygon","coordinates":[[[140.107722,36.103774],[140.107725,36.103759],[140.107748,36.103762],[140.107745,36.103777],[140.107722,36.103774]]]}},{"type":"Feature","properties":{"height":3.9},"geometry":{"type":"Polygon","coordinates":[[[140.101787,36.105933],[140.101797,36.105882],[140.101836,36.105884],[140.101836,36.105893],[140.101843,36.105892],[140.101843,36.105906],[140.101859,36.105904],[140.101859,36.105911],[140.101872,36.10591],[140.10185,36.105949],[140.101787,36.105933]]]}},{"type":"Feature","properties":{"height":3},"geometry":{"type":"Polygon","coordinates":[[[140.101893,36.102502],[140.101897,36.102476],[140.101913,36.102478],[140.101908,36.102504],[140.101893,36.102502]]]}},{"type":"Feature","properties":{"height":3},"geometry":{"type":"Polygon","coordinates":[[[140.107574,36.104434],[140.107579,36.104401],[140.107605,36.104404],[140.1076,36.104437],[140.107574,36.104434]]]}},{"type":"Feature","properties":{"height":4.4},"geometry":{"type":"Polygon","coordinates":[[[140.103531,36.103152],[140.103533,36.103139],[140.103697,36.103158],[140.103695,36.103171],[140.103531,36.103152]]]}},{"type":"Feature","properties":{"height":9.2},"geometry":{"type":"Polygon","coordinates":[[[140.100614,36.108159],[140.100688,36.108045],[140.100672,36.108038],[140.10069,36.108011],[140.100708,36.108018],[140.100768,36.107925],[140.100986,36.108017],[140.100835,36.108253],[140.100614,36.108159]]]}},{"type":"Feature","properties":{"height":3},"geometry":{"type":"Polygon","coordinates":[[[140.107087,36.102433],[140.107097,36.102376],[140.107131,36.10238],[140.107121,36.102437],[140.107087,36.102433]]]}},{"type":"Feature","properties":{"height":7},"geometry":{"type":"Polygon","coordinates":[[[140.105415,36.104343],[140.105441,36.104184],[140.105722,36.104214],[140.105713,36.104268],[140.105724,36.104269],[140.105715,36.104324],[140.105704,36.104323],[140.105696,36.104374],[140.105415,36.104343]]]}},{"type":"Feature","properties":{"height":4.5},"geometry":{"type":"Polygon","coordinates":[[[140.100604,36.102829],[140.100799,36.102811],[140.100783,36.102916],[140.100618,36.102931],[140.100604,36.102829]]]}},{"type":"Feature","properties":{"height":3},"geometry":{"type":"Polygon","coordinates":[[[140.105295,36.103479],[140.105298,36.10346],[140.105319,36.103462],[140.105316,36.103481],[140.105295,36.103479]]]}},{"type":"Feature","properties":{"height":8.9},"geometry":{"type":"Polygon","coordinates":[[[140.104504,36.104104],[140.104556,36.103801],[140.104721,36.103819],[140.10467,36.104123],[140.104504,36.104104]]]}},{"type":"Feature","properties":{"height":4.8},"geometry":{"type":"Polygon","coordinates":[[[140.101285,36.105691],[140.10134,36.105541],[140.101354,36.105522],[140.101363,36.105517],[140.101342,36.105577],[140.101352,36.10558],[140.101348,36.10559],[140.101365,36.105594],[140.101364,36.105595],[140.10137,36.105597],[140.101333,36.105703],[140.101285,36.105691]]]}},{"type":"Feature","properties":{"height":3},"geometry":{"type":"Polygon","coordinates":[[[140.107783,36.104694],[140.107786,36.104674],[140.107796,36.104675],[140.107792,36.104695],[140.107783,36.104694]]]}},{"type":"Feature","properties":{"height":3},"geometry":{"type":"Polygon","coordinates":[[[140.105876,36.103867],[140.10588,36.103848],[140.105896,36.10385],[140.105893,36.103869],[140.105876,36.103867]]]}},{"type":"Feature","properties":{"height":3},"geometry":{"type":"Polygon","coordinates":[[[140.100886,36.10285],[140.100911,36.102849],[140.100913,36.102876],[140.100887,36.102877],[140.100886,36.10285]]]}},{"type":"Feature","properties":{"height":3},"geometry":{"type":"Polygon","coordinates":[[[140.107631,36.100415],[140.107635,36.100393],[140.107718,36.100403],[140.107715,36.100425],[140.107631,36.100415]]]}},{"type":"Feature","properties":{"height":3},"geometry":{"type":"Polygon","coordinates":[[[140.104258,36.103363],[140.104261,36.103341],[140.10436,36.103353],[140.104356,36.103374],[140.104258,36.103363]]]}},{"type":"Feature","properties":{"height":4},"geometry":{"type":"Polygon","coordinates":[[[140.100851,36.101348],[140.100855,36.101279],[140.101038,36.101287],[140.101033,36.101356],[140.100851,36.101348]]]}},{"type":"Feature","properties":{"height":5.1},"geometry":{"type":"Polygon","coordinates":[[[140.102141,36.103479],[140.102175,36.103279],[140.102217,36.103284],[140.102183,36.103483],[140.102141,36.103479]]]}},{"type":"Feature","properties":{"height":3},"geometry":{"type":"Polygon","coordinates":[[[140.101758,36.107624],[140.101761,36.107624],[140.101761,36.107621],[140.101779,36.107624],[140.101773,36.10765],[140.101753,36.107647],[140.101758,36.107624]]]}},{"type":"Feature","properties":{"height":4.5},"geometry":{"type":"Polygon","coordinates":[[[140.100919,36.107844],[140.100937,36.107816],[140.101017,36.107849],[140.100999,36.107878],[140.100919,36.107844]]]}},{"type":"Feature","properties":{"height":3.1},"geometry":{"type":"Polygon","coordinates":[[[140.107443,36.103501],[140.107458,36.10341],[140.107569,36.103422],[140.107554,36.103513],[140.107443,36.103501]]]}},{"type":"Feature","properties":{"height":3},"geometry":{"type":"Polygon","coordinates":[[[140.105245,36.103986],[140.105254,36.103938],[140.105275,36.103941],[140.105267,36.103988],[140.105245,36.103986]]]}},{"type":"Feature","properties":{"height":5},"geometry":{"type":"Polygon","coordinates":[[[140.101686,36.10696],[140.101701,36.106944],[140.101837,36.107039],[140.101809,36.107138],[140.101782,36.107134],[140.10181,36.107043],[140.101686,36.10696]]]}},{"type":"Feature","properties":{"height":7.1},"geometry":{"type":"Polygon","coordinates":[[[140.105513,36.102005],[140.105516,36.101988],[140.105536,36.10199],[140.10555,36.101901],[140.105608,36.101907],[140.105592,36.102013],[140.105513,36.102005]]]}},{"type":"Feature","properties":{"height":3},"geometry":{"type":"Polygon","coordinates":[[[140.102737,36.103876],[140.102779,36.103631],[140.102807,36.103634],[140.102766,36.103879],[140.102737,36.103876]]]}},{"type":"Feature","properties":{"height":3.5},"geometry":{"type":"Polygon","coordinates":[[[140.100911,36.102829],[140.101097,36.102799],[140.1011,36.102817],[140.101106,36.102816],[140.10111,36.102881],[140.100917,36.102895],[140.100911,36.102829]]]}},{"type":"Feature","properties":{"height":3},"geometry":{"type":"Polygon","coordinates":[[[140.101636,36.103311],[140.101639,36.103264],[140.101693,36.103266],[140.101691,36.10329],[140.101703,36.10329],[140.101702,36.103309],[140.101689,36.103308],[140.101689,36.103313],[140.101636,36.103311]]]}},{"type":"Feature","properties":{"height":3.6},"geometry":{"type":"Polygon","coordinates":[[[140.104762,36.103054],[140.10477,36.103002],[140.104875,36.103013],[140.104866,36.103065],[140.104762,36.103054]]]}},{"type":"Feature","properties":{"height":3},"geometry":{"type":"Polygon","coordinates":[[[140.107781,36.104485],[140.107792,36.104423],[140.107825,36.104427],[140.107814,36.104489],[140.107781,36.104485]]]}},{"type":"Feature","properties":{"height":3},"geometry":{"type":"Polygon","coordinates":[[[140.104356,36.102832],[140.104364,36.102791],[140.104391,36.102794],[140.104383,36.102835],[140.104356,36.102832]]]}},{"type":"Feature","properties":{"height":3},"geometry":{"type":"Polygon","coordinates":[[[140.101811,36.102276],[140.101821,36.102135],[140.101851,36.102136],[140.101842,36.102278],[140.101811,36.102276]]]}},{"type":"Feature","properties":{"height":5.7},"geometry":{"type":"Polygon","coordinates":[[[140.10041,36.107619],[140.100496,36.107486],[140.10047,36.10747],[140.100472,36.10746],[140.100482,36.107454],[140.100496,36.107457],[140.100501,36.107461],[140.100501,36.107473],[140.100504,36.107474],[140.100597,36.10733],[140.100668,36.107362],[140.10041,36.107619]]]}},{"type":"Feature","properties":{"height":3},"geometry":{"type":"Polygon","coordinates":[[[140.100348,36.108007],[140.100363,36.107984],[140.100392,36.107996],[140.100376,36.108019],[140.100348,36.108007]]]}},{"type":"Feature","properties":{"height":13.4},"geometry":{"type":"Polygon","coordinates":[[[140.100445,36.108018],[140.100565,36.107833],[140.100748,36.10791],[140.100629,36.108096],[140.100445,36.108018]]]}},{"type":"Feature","properties":{"height":3},"geometry":{"type":"Polygon","coordinates":[[[140.099996,36.108141],[140.100008,36.108122],[140.100064,36.108147],[140.100051,36.108166],[140.099996,36.108141]]]}},{"type":"Feature","properties":{"height":3},"geometry":{"type":"Polygon","coordinates":[[[140.107579,36.104397],[140.107584,36.104364],[140.10761,36.104366],[140.107605,36.1044],[140.107579,36.104397]]]}},{"type":"Feature","properties":{"height":29.6},"geometry":{"type":"Polygon","coordinates":[[[140.100991,36.107371],[140.101029,36.107313],[140.10105,36.107322],[140.101012,36.10738],[140.100991,36.107371]]]}},{"type":"Feature","properties":{"height":8.6},"geometry":{"type":"Polygon","coordinates":[[[140.101907,36.10259],[140.101942,36.102382],[140.102163,36.102406],[140.102177,36.102319],[140.101957,36.102295],[140.102004,36.102048],[140.102212,36.102071],[140.102215,36.102052],[140.10224,36.102055],[140.102251,36.102074],[140.102244,36.102073],[140.102238,36.102068],[140.102237,36.102078],[140.10234,36.10209],[140.102299,36.102334],[140.102314,36.102335],[140.1023,36.102423],[140.102288,36.102421],[140.102274,36.102502],[140.102335,36.102509],[140.10235,36.102516],[140.102354,36.102531],[140.102351,36.102539],[140.102346,36.102544],[140.102329,36.102548],[140.102268,36.102541],[140.102253,36.102628],[140.101907,36.10259]]]}},{"type":"Feature","properties":{"height":4.5},"geometry":{"type":"Polygon","coordinates":[[[140.10417,36.102829],[140.1042,36.102672],[140.104315,36.102686],[140.104317,36.102675],[140.104388,36.102684],[140.104375,36.102749],[140.10437,36.102749],[140.10435,36.102852],[140.10417,36.102829]]]}},{"type":"Feature","properties":{"height":31.8},"geometry":{"type":"Polygon","coordinates":[[[140.102,36.100703],[140.102019,36.100672],[140.102072,36.100599],[140.102126,36.100539],[140.10227,36.100401],[140.102313,36.100365],[140.102523,36.100217],[140.102653,36.100143],[140.102873,36.100041],[140.102929,36.100019],[140.102993,36.100088],[140.102976,36.100097],[140.102979,36.1001],[140.102867,36.10017],[140.102911,36.100217],[140.102908,36.10022],[140.102941,36.100255],[140.102943,36.100253],[140.102971,36.100283],[140.102968,36.100284],[140.103001,36.10032],[140.103004,36.100318],[140.103042,36.100358],[140.102965,36.100405],[140.102981,36.100423],[140.10291,36.100467],[140.102893,36.100449],[140.102817,36.100496],[140.10278,36.100456],[140.102784,36.100453],[140.102751,36.100418],[140.102747,36.10042],[140.102719,36.100391],[140.102723,36.100388],[140.10269,36.100353],[140.102687,36.100355],[140.102653,36.100319],[140.102495,36.100416],[140.102529,36.100452],[140.102526,36.100454],[140.102579,36.100512],[140.102582,36.10051],[140.102619,36.10055],[140.102543,36.100596],[140.102559,36.100614],[140.102488,36.100657],[140.102472,36.10064],[140.102393,36.100688],[140.102356,36.100648],[140.10236,36.100646],[140.102308,36.100589],[140.102304,36.100591],[140.102267,36.100551],[140.102,36.100703]]]}},{"type":"Feature","properties":{"height":3},"geometry":{"type":"Polygon","coordinates":[[[140.108045,36.102075],[140.108049,36.102052],[140.108149,36.102062],[140.108145,36.102085],[140.108045,36.102075]]]}},{"type":"Feature","properties":{"height":3},"geometry":{"type":"Polygon","coordinates":[[[140.107045,36.102684],[140.107055,36.102624],[140.107089,36.102628],[140.107079,36.102688],[140.107045,36.102684]]]}},{"type":"Feature","properties":{"height":3.6},"geometry":{"type":"Polygon","coordinates":[[[140.103068,36.104581],[140.103089,36.104524],[140.103155,36.10454],[140.103133,36.104597],[140.103068,36.104581]]]}},{"type":"Feature","properties":{"height":3},"geometry":{"type":"Polygon","coordinates":[[[140.10697,36.100452],[140.107002,36.10043],[140.107028,36.100455],[140.106997,36.100477],[140.10697,36.100452]]]}},{"type":"Feature","properties":{"height":16},"geometry":{"type":"Polygon","coordinates":[[[140.10243,36.105939],[140.102661,36.105272],[140.102712,36.105283],[140.102766,36.105259],[140.102773,36.105257],[140.102788,36.105263],[140.102785,36.105285],[140.102771,36.105288],[140.102758,36.105281],[140.10274,36.105289],[140.10281,36.105304],[140.102739,36.105495],[140.102758,36.105499],[140.102748,36.105526],[140.102731,36.105522],[140.102729,36.105528],[140.102773,36.105538],[140.102612,36.105978],[140.10243,36.105939]]]}},{"type":"Feature","properties":{"height":3},"geometry":{"type":"Polygon","coordinates":[[[140.107725,36.104823],[140.107759,36.104624],[140.107794,36.104628],[140.10776,36.104827],[140.107725,36.104823]]]}},{"type":"Feature","properties":{"height":8.2},"geometry":{"type":"Polygon","coordinates":[[[140.10277,36.104959],[140.102872,36.104683],[140.103097,36.104738],[140.102991,36.105025],[140.102889,36.105],[140.102888,36.105004],[140.102854,36.104995],[140.10286,36.104981],[140.10277,36.104959]]]}},{"type":"Feature","properties":{"height":3},"geometry":{"type":"Polygon","coordinates":[[[140.107017,36.103777],[140.107018,36.103741],[140.107038,36.103742],[140.107037,36.103778],[140.107017,36.103777]]]}},{"type":"Feature","properties":{"height":4.7},"geometry":{"type":"Polygon","coordinates":[[[140.102128,36.102902],[140.10213,36.10289],[140.102135,36.10289],[140.102142,36.102841],[140.102216,36.102848],[140.102217,36.102841],[140.102232,36.102843],[140.102234,36.10283],[140.102238,36.10283],[140.102239,36.102828],[140.102269,36.102831],[140.102255,36.102916],[140.102264,36.102917],[140.102262,36.102929],[140.102274,36.10293],[140.102245,36.10315],[140.10216,36.103141],[140.102189,36.102907],[140.102128,36.102902]]]}},{"type":"Feature","properties":{"height":5},"geometry":{"type":"Polygon","coordinates":[[[140.100929,36.107704],[140.10103,36.107548],[140.101105,36.10758],[140.101034,36.107689],[140.101181,36.107752],[140.10115,36.107799],[140.100929,36.107704]]]}},{"type":"Feature","properties":{"height":3.6},"geometry":{"type":"Polygon","coordinates":[[[140.108819,36.10047],[140.108824,36.100419],[140.108928,36.100427],[140.108923,36.100478],[140.108819,36.10047]]]}},{"type":"Feature","properties":{"height":7.8},"geometry":{"type":"Polygon","coordinates":[[[140.102225,36.103275],[140.102228,36.103253],[140.102349,36.103264],[140.102345,36.103286],[140.102225,36.103275]]]}},{"type":"Feature","properties":{"height":19.9},"geometry":{"type":"Polygon","coordinates":[[[140.10179,36.103187],[140.101796,36.10314],[140.101808,36.103141],[140.101796,36.10313],[140.101796,36.103122],[140.101802,36.103112],[140.10181,36.103106],[140.101823,36.103104],[140.102245,36.10315],[140.102239,36.103184],[140.102287,36.103189],[140.102294,36.103192],[140.102301,36.103201],[140.102302,36.103207],[140.1023,36.103212],[140.102289,36.103219],[140.102235,36.103215],[140.102223,36.103285],[140.101929,36.103254],[140.101916,36.103342],[140.101938,36.103409],[140.10194,36.103432],[140.101939,36.103456],[140.102186,36.103484],[140.102188,36.103476],[140.102194,36.10347],[140.102202,36.103467],[140.102212,36.103467],[140.102221,36.10347],[140.102227,36.103475],[140.10223,36.10348],[140.10223,36.10349],[140.102205,36.103619],[140.101873,36.103583],[140.101872,36.103591],[140.101866,36.103597],[140.101858,36.103602],[140.101847,36.103603],[140.101838,36.1036],[140.101832,36.103596],[140.101828,36.103588],[140.101827,36.103579],[140.101835,36.103532],[140.101826,36.103528],[140.101831,36.103495],[140.101842,36.103495],[140.10185,36.103448],[140.10185,36.103421],[140.101821,36.103332],[140.101792,36.103312],[140.101814,36.10319],[140.10179,36.103187]]]}},{"type":"Feature","properties":{"height":6.8},"geometry":{"type":"Polygon","coordinates":[[[140.107319,36.104053],[140.107326,36.104017],[140.107456,36.104032],[140.107452,36.10406],[140.107369,36.104051],[140.107368,36.104058],[140.107319,36.104053]]]}},{"type":"Feature","properties":{"height":6.1},"geometry":{"type":"Polygon","coordinates":[[[140.104162,36.103414],[140.104166,36.10339],[140.10436,36.103411],[140.104356,36.103436],[140.104162,36.103414]]]}},{"type":"Feature","properties":{"height":3},"geometry":{"type":"Polygon","coordinates":[[[140.108145,36.102275],[140.108152,36.102233],[140.108176,36.102235],[140.108169,36.102278],[140.108145,36.102275]]]}},{"type":"Feature","properties":{"height":3},"geometry":{"type":"Polygon","coordinates":[[[140.107791,36.104648],[140.107794,36.104628],[140.107805,36.104629],[140.107802,36.104649],[140.107791,36.104648]]]}},{"type":"Feature","properties":{"height":5},"geometry":{"type":"Polygon","coordinates":[[[140.107292,36.101217],[140.107307,36.101132],[140.107505,36.101154],[140.107533,36.100989],[140.107691,36.101007],[140.107648,36.101257],[140.107292,36.101217]]]}},{"type":"Feature","properties":{"height":5.2},"geometry":{"type":"Polygon","coordinates":[[[140.102891,36.102628],[140.102903,36.10256],[140.102949,36.102565],[140.102937,36.102633],[140.102891,36.102628]]]}},{"type":"Feature","properties":{"height":3.2},"geometry":{"type":"Polygon","coordinates":[[[140.108438,36.100325],[140.108451,36.100272],[140.108566,36.100291],[140.108552,36.100344],[140.108438,36.100325]]]}},{"type":"Feature","properties":{"height":3},"geometry":{"type":"Polygon","coordinates":[[[140.107525,36.104462],[140.107529,36.104435],[140.107564,36.104439],[140.107559,36.104466],[140.107525,36.104462]]]}},{"type":"Feature","properties":{"height":3},"geometry":{"type":"Polygon","coordinates":[[[140.107865,36.103802],[140.10787,36.10378],[140.107917,36.103786],[140.107913,36.103808],[140.107865,36.103802]]]}},{"type":"Feature","properties":{"height":3.6},"geometry":{"type":"Polygon","coordinates":[[[140.102274,36.102078],[140.102278,36.10205],[140.102324,36.102055],[140.102319,36.102083],[140.102274,36.102078]]]}},{"type":"Feature","properties":{"height":3},"geometry":{"type":"Polygon","coordinates":[[[140.107934,36.102063],[140.107938,36.102039],[140.107977,36.102043],[140.107973,36.102067],[140.107934,36.102063]]]}},{"type":"Feature","properties":{"height":3},"geometry":{"type":"Polygon","coordinates":[[[140.103757,36.103323],[140.103761,36.103301],[140.103858,36.103311],[140.103854,36.103333],[140.103757,36.103323]]]}},{"type":"Feature","properties":{"height":3},"geometry":{"type":"Polygon","coordinates":[[[140.101808,36.103363],[140.101829,36.103357],[140.10185,36.103421],[140.10185,36.103446],[140.101831,36.103445],[140.10183,36.103419],[140.101808,36.103363]]]}},{"type":"Feature","properties":{"height":4.3},"geometry":{"type":"Polygon","coordinates":[[[140.107513,36.104597],[140.107519,36.104561],[140.1078,36.104591],[140.107794,36.104628],[140.107597,36.104607],[140.107594,36.104625],[140.107566,36.104622],[140.107569,36.104603],[140.107513,36.104597]]]}},{"type":"Feature","properties":{"height":3},"geometry":{"type":"Polygon","coordinates":[[[140.107532,36.101328],[140.107537,36.101301],[140.107554,36.101303],[140.107556,36.101294],[140.107569,36.101296],[140.107567,36.101305],[140.107572,36.101305],[140.107568,36.101331],[140.107532,36.101328]]]}},{"type":"Feature","properties":{"height":5.1},"geometry":{"type":"Polygon","coordinates":[[[140.104494,36.103008],[140.104513,36.102895],[140.10459,36.102904],[140.104571,36.103017],[140.104494,36.103008]]]}},{"type":"Feature","properties":{"height":14.2},"geometry":{"type":"Polygon","coordinates":[[[140.102796,36.108409],[140.10281,36.108385],[140.102826,36.10839],[140.102942,36.108409],[140.102906,36.108466],[140.102851,36.108442],[140.102856,36.108434],[140.102796,36.108409]]]}},{"type":"Feature","properties":{"height":30.8},"geometry":{"type":"Polygon","coordinates":[[[140.10094,36.107227],[140.100995,36.107171],[140.101059,36.107213],[140.101118,36.107152],[140.101113,36.107149],[140.101159,36.107102],[140.101232,36.10715],[140.101058,36.107326],[140.100988,36.107281],[140.101002,36.107267],[140.10094,36.107227]]]}},{"type":"Feature","properties":{"height":16.8},"geometry":{"type":"Polygon","coordinates":[[[140.101664,36.104759],[140.101715,36.104618],[140.101752,36.104627],[140.101758,36.104611],[140.101734,36.1046],[140.101718,36.104579],[140.101716,36.104559],[140.101783,36.104377],[140.101943,36.104415],[140.101882,36.104583],[140.101806,36.104565],[140.10178,36.104634],[140.101948,36.104674],[140.102034,36.104437],[140.102725,36.104608],[140.102652,36.104822],[140.102338,36.104746],[140.102383,36.104622],[140.102238,36.104587],[140.102218,36.104641],[140.102065,36.104604],[140.10198,36.104835],[140.101664,36.104759]]]}},{"type":"Feature","properties":{"height":3},"geometry":{"type":"Polygon","coordinates":[[[140.10349,36.103267],[140.103494,36.103245],[140.103724,36.103271],[140.103721,36.103293],[140.10349,36.103267]]]}},{"type":"Feature","properties":{"height":3},"geometry":{"type":"Polygon","coordinates":[[[140.107739,36.103534],[140.107749,36.10347],[140.107828,36.103478],[140.107818,36.103542],[140.107739,36.103534]]]}},{"type":"Feature","properties":{"height":3},"geometry":{"type":"Polygon","coordinates":[[[140.102737,36.103625],[140.102741,36.103598],[140.102774,36.103602],[140.10277,36.103629],[140.102737,36.103625]]]}},{"type":"Feature","properties":{"height":3},"geometry":{"type":"Polygon","coordinates":[[[140.106854,36.100495],[140.106863,36.100488],[140.106879,36.100501],[140.106869,36.100508],[140.106854,36.100495]]]}},{"type":"Feature","properties":{"height":3},"geometry":{"type":"Polygon","coordinates":[[[140.107536,36.104343],[140.107543,36.104286],[140.107601,36.104291],[140.107599,36.104311],[140.107572,36.104309],[140.107568,36.104345],[140.107536,36.104343]]]}},{"type":"Feature","properties":{"height":3},"geometry":{"type":"Polygon","coordinates":[[[140.103903,36.103412],[140.103911,36.103362],[140.10398,36.10337],[140.103971,36.10342],[140.103903,36.103412]]]}},{"type":"Feature","properties":{"height":3.2},"geometry":{"type":"Polygon","coordinates":[[[140.101448,36.107877],[140.101553,36.107715],[140.101616,36.107741],[140.101512,36.107905],[140.101448,36.107877]]]}},{"type":"Feature","properties":{"height":3},"geometry":{"type":"Polygon","coordinates":[[[140.104516,36.10336],[140.10452,36.103337],[140.104645,36.103351],[140.104641,36.103374],[140.104516,36.10336]]]}},{"type":"Feature","properties":{"height":3},"geometry":{"type":"Polygon","coordinates":[[[140.104348,36.102428],[140.104351,36.102408],[140.104405,36.102412],[140.104402,36.102433],[140.104348,36.102428]]]}},{"type":"Feature","properties":{"height":3},"geometry":{"type":"Polygon","coordinates":[[[140.107772,36.104757],[140.107776,36.104734],[140.107791,36.104736],[140.107787,36.104759],[140.107772,36.104757]]]}},{"type":"Feature","properties":{"height":6.5},"geometry":{"type":"Polygon","coordinates":[[[140.106024,36.104301],[140.106031,36.104255],[140.106052,36.104257],[140.106088,36.104044],[140.106431,36.104082],[140.106396,36.104291],[140.106416,36.104293],[140.106407,36.104346],[140.106385,36.104344],[140.106384,36.104349],[140.106042,36.104311],[140.106043,36.104303],[140.106024,36.104301]]]}},{"type":"Feature","properties":{"height":3},"geometry":{"type":"Polygon","coordinates":[[[140.106731,36.10453],[140.106742,36.104468],[140.106775,36.104472],[140.106764,36.104534],[140.106731,36.10453]]]}},{"type":"Feature","properties":{"height":3.6},"geometry":{"type":"Polygon","coordinates":[[[140.102563,36.10396],[140.102592,36.103803],[140.102631,36.103808],[140.102602,36.103965],[140.102563,36.10396]]]}},{"type":"Feature","properties":{"height":9.7},"geometry":{"type":"Polygon","coordinates":[[[140.104869,36.102667],[140.104872,36.102644],[140.104945,36.102652],[140.104942,36.102675],[140.104869,36.102667]]]}},{"type":"Feature","properties":{"height":7.3},"geometry":{"type":"Polygon","coordinates":[[[140.102145,36.104241],[140.102205,36.104084],[140.102242,36.104094],[140.102251,36.104072],[140.102338,36.104094],[140.102329,36.104116],[140.102355,36.104122],[140.102295,36.104278],[140.102145,36.104241]]]}},{"type":"Feature","properties":{"height":3},"geometry":{"type":"Polygon","coordinates":[[[140.10808,36.10446],[140.10809,36.104397],[140.108123,36.104401],[140.108112,36.104464],[140.10808,36.10446]]]}},{"type":"Feature","properties":{"height":3},"geometry":{"type":"Polygon","coordinates":[[[140.107414,36.10066],[140.107457,36.100652],[140.107463,36.100673],[140.107419,36.10068],[140.107414,36.10066]]]}},{"type":"Feature","properties":{"height":3},"geometry":{"type":"Polygon","coordinates":[[[140.1083,36.102758],[140.108312,36.102695],[140.108336,36.102698],[140.108324,36.102761],[140.1083,36.102758]]]}},{"type":"Feature","properties":{"height":16.8},"geometry":{"type":"Polygon","coordinates":[[[140.104107,36.10316],[140.104124,36.103064],[140.104139,36.103066],[140.104166,36.102907],[140.10431,36.102923],[140.1043,36.102986],[140.104593,36.103019],[140.10456,36.103211],[140.104327,36.103185],[140.10433,36.103169],[140.104193,36.103153],[140.10419,36.10317],[140.104107,36.10316]]]}},{"type":"Feature","properties":{"height":3.4},"geometry":{"type":"Polygon","coordinates":[[[140.102569,36.104068],[140.10258,36.104005],[140.10266,36.104014],[140.102649,36.104078],[140.102569,36.104068]]]}},{"type":"Feature","properties":{"height":3},"geometry":{"type":"Polygon","coordinates":[[[140.10109,36.108211],[140.101167,36.108095],[140.101194,36.108107],[140.101116,36.108223],[140.10109,36.108211]]]}},{"type":"Feature","properties":{"height":3},"geometry":{"type":"Polygon","coordinates":[[[140.106148,36.103913],[140.106152,36.103888],[140.106356,36.103911],[140.106352,36.103935],[140.106148,36.103913]]]}},{"type":"Feature","properties":{"height":3},"geometry":{"type":"Polygon","coordinates":[[[140.107562,36.104464],[140.107565,36.104439],[140.107599,36.104443],[140.107595,36.104467],[140.107562,36.104464]]]}},{"type":"Feature","properties":{"height":3},"geometry":{"type":"Polygon","coordinates":[[[140.104277,36.107848],[140.10431,36.107811],[140.104338,36.107827],[140.104305,36.107864],[140.104282,36.107852],[140.104277,36.107848]]]}},{"type":"Feature","properties":{"height":3.9},"geometry":{"type":"Polygon","coordinates":[[[140.100628,36.101784],[140.100638,36.101648],[140.100709,36.101651],[140.100713,36.1016],[140.100802,36.101604],[140.10081,36.101499],[140.101101,36.101512],[140.101093,36.101617],[140.101186,36.101621],[140.10118,36.101697],[140.101209,36.101698],[140.101203,36.101788],[140.101174,36.101787],[140.101169,36.101862],[140.101017,36.101855],[140.10101,36.101957],[140.100779,36.101946],[140.100781,36.101914],[140.100766,36.101914],[140.100771,36.101848],[140.100785,36.101848],[140.100786,36.101842],[140.100695,36.101838],[140.100698,36.101787],[140.100628,36.101784]],[[140.100753,36.101795],[140.101116,36.101812],[140.101127,36.101664],[140.100763,36.101647],[140.100761,36.101676],[140.100791,36.101678],[140.100784,36.101767],[140.100755,36.101766],[140.100753,36.101795]],[[140.10097,36.101611],[140.101074,36.101616],[140.101075,36.101595],[140.100971,36.10159],[140.10097,36.101611]]]}},{"type":"Feature","properties":{"height":28.1},"geometry":{"type":"Polygon","coordinates":[[[140.100868,36.106979],[140.100925,36.106921],[140.100913,36.106912],[140.100994,36.106831],[140.101222,36.106979],[140.101165,36.107037],[140.101199,36.10706],[140.101266,36.106992],[140.101305,36.107017],[140.10135,36.106971],[140.101317,36.10695],[140.101356,36.10691],[140.101314,36.106883],[140.101264,36.106933],[140.101097,36.106824],[140.101329,36.106591],[140.101353,36.106607],[140.101369,36.106591],[140.101513,36.106687],[140.101455,36.106744],[140.101494,36.106771],[140.10153,36.106735],[140.101661,36.10682],[140.101296,36.107191],[140.10129,36.107187],[140.101284,36.107192],[140.101231,36.107155],[140.101236,36.10715],[140.10116,36.1071],[140.101177,36.107082],[140.101143,36.10706],[140.101084,36.107119],[140.100868,36.106979]]]}},{"type":"Feature","properties":{"height":3},"geometry":{"type":"Polygon","coordinates":[[[140.107051,36.100784],[140.107073,36.100771],[140.107112,36.100812],[140.10709,36.100826],[140.107051,36.100784]]]}},{"type":"Feature","properties":{"height":3},"geometry":{"type":"Polygon","coordinates":[[[140.100731,36.107189],[140.100746,36.107174],[140.100774,36.107193],[140.100758,36.107208],[140.100731,36.107189]]]}},{"type":"Feature","properties":{"height":11.9},"geometry":{"type":"Polygon","coordinates":[[[140.103133,36.102338],[140.10314,36.102298],[140.103154,36.102299],[140.103169,36.102202],[140.103344,36.10222],[140.103337,36.102265],[140.103419,36.102273],[140.103409,36.102333],[140.103438,36.102335],[140.103422,36.102439],[140.103136,36.102409],[140.103146,36.10234],[140.103133,36.102338]]]}},{"type":"Feature","properties":{"height":5.7},"geometry":{"type":"Polygon","coordinates":[[[140.101144,36.101443],[140.101149,36.101376],[140.101294,36.101384],[140.101288,36.101451],[140.101144,36.101443]]]}},{"type":"Feature","properties":{"height":3},"geometry":{"type":"Polygon","coordinates":[[[140.101089,36.106703],[140.101184,36.106607],[140.101244,36.106646],[140.10115,36.106742],[140.101089,36.106703]]]}},{"type":"Feature","properties":{"height":23.9},"geometry":{"type":"Polygon","coordinates":[[[140.103955,36.103599],[140.103978,36.103463],[140.103962,36.103461],[140.103966,36.103434],[140.103985,36.103436],[140.103992,36.103395],[140.104412,36.103442],[140.104403,36.103491],[140.104562,36.103509],[140.104575,36.103435],[140.104992,36.103482],[140.104987,36.103506],[140.10499,36.103507],[140.104956,36.103708],[140.104534,36.103661],[140.104541,36.10362],[140.104386,36.103603],[140.104379,36.103646],[140.103955,36.103599]],[[140.104239,36.103554],[140.104296,36.10356],[140.104306,36.103499],[140.104249,36.103493],[140.104239,36.103554]],[[140.104635,36.103603],[140.104708,36.103611],[140.104719,36.103546],[140.104646,36.103538],[140.104635,36.103603]]]}},{"type":"Feature","properties":{"height":8.8},"geometry":{"type":"Polygon","coordinates":[[[140.100808,36.107145],[140.100865,36.107087],[140.100994,36.107171],[140.100937,36.107229],[140.100808,36.107145]]]}},{"type":"Feature","properties":{"height":3.9},"geometry":{"type":"Polygon","coordinates":[[[140.108115,36.100266],[140.108129,36.100185],[140.108191,36.100193],[140.108176,36.100274],[140.108115,36.100266]]]}},{"type":"Feature","properties":{"height":3.4},"geometry":{"type":"Polygon","coordinates":[[[140.107322,36.101133],[140.107326,36.101115],[140.107485,36.101133],[140.107508,36.101],[140.107531,36.101002],[140.107505,36.101154],[140.107322,36.101133]]]}},{"type":"Feature","properties":{"height":3},"geometry":{"type":"Polygon","coordinates":[[[140.10063,36.107183],[140.100662,36.107136],[140.100686,36.107147],[140.100654,36.107194],[140.10063,36.107183]]]}},{"type":"Feature","properties":{"height":3},"geometry":{"type":"Polygon","coordinates":[[[140.101052,36.108193],[140.101166,36.108019],[140.101191,36.10803],[140.101077,36.108204],[140.101052,36.108193]]]}},{"type":"Feature","properties":{"height":3},"geometry":{"type":"Polygon","coordinates":[[[140.107779,36.104718],[140.107782,36.104702],[140.107794,36.104703],[140.107791,36.10472],[140.107779,36.104718]]]}},{"type":"Feature","properties":{"height":13},"geometry":{"type":"Polygon","coordinates":[[[140.101757,36.108194],[140.101837,36.108071],[140.102136,36.108199],[140.102056,36.108322],[140.101757,36.108194]]]}},{"type":"Feature","properties":{"height":3},"geometry":{"type":"Polygon","coordinates":[[[140.106828,36.100473],[140.106844,36.100462],[140.106866,36.100485],[140.10685,36.100495],[140.106828,36.100473]]]}},{"type":"Feature","properties":{"height":16.3},"geometry":{"type":"Polygon","coordinates":[[[140.10121,36.107905],[140.101247,36.107849],[140.101236,36.107844],[140.101259,36.107809],[140.101268,36.107813],[140.101306,36.107755],[140.101378,36.107786],[140.101421,36.10772],[140.101347,36.107688],[140.101384,36.107631],[140.101375,36.107627],[140.101396,36.107594],[140.101406,36.107599],[140.101445,36.107539],[140.101597,36.107605],[140.101624,36.107612],[140.101625,36.107611],[140.101654,36.107616],[140.101707,36.107588],[140.101716,36.107544],[140.10155,36.107516],[140.101565,36.107453],[140.101552,36.107451],[140.101561,36.107414],[140.101574,36.107416],[140.10159,36.107353],[140.101668,36.107366],[140.101687,36.10729],[140.101567,36.107271],[140.101608,36.107106],[140.101809,36.107138],[140.101824,36.107083],[140.10186,36.107089],[140.101848,36.107147],[140.101835,36.107145],[140.101732,36.107565],[140.101773,36.107571],[140.101761,36.107624],[140.101758,36.107624],[140.101752,36.107651],[140.101754,36.107651],[140.101747,36.107681],[140.101613,36.10766],[140.10162,36.107632],[140.101608,36.107627],[140.101383,36.107979],[140.101423,36.107996],[140.101407,36.108021],[140.101341,36.107994],[140.101358,36.107969],[140.10121,36.107905]]]}},{"type":"Feature","properties":{"height":3},"geometry":{"type":"Polygon","coordinates":[[[140.101908,36.102301],[140.101927,36.1022],[140.101974,36.102206],[140.101963,36.102261],[140.101955,36.10226],[140.101946,36.102305],[140.101908,36.102301]]]}},{"type":"Feature","properties":{"height":3},"geometry":{"type":"Polygon","coordinates":[[[140.103863,36.101714],[140.103889,36.101583],[140.103914,36.101586],[140.103887,36.101718],[140.103863,36.101714]]]}},{"type":"Feature","properties":{"height":6.9},"geometry":{"type":"Polygon","coordinates":[[[140.107356,36.104126],[140.107369,36.104051],[140.107452,36.10406],[140.107468,36.103965],[140.107724,36.103994],[140.107712,36.104068],[140.107615,36.104057],[140.107611,36.104079],[140.107624,36.104081],[140.107612,36.104155],[140.107356,36.104126]]]}},{"type":"Feature","properties":{"height":14.2},"geometry":{"type":"Polygon","coordinates":[[[140.103851,36.101477],[140.103855,36.101456],[140.103939,36.101465],[140.10394,36.101459],[140.103955,36.10146],[140.103957,36.101447],[140.103959,36.101447],[140.103952,36.101488],[140.103851,36.101477]]]}},{"type":"Feature","properties":{"height":3},"geometry":{"type":"Polygon","coordinates":[[[140.101103,36.108055],[140.101128,36.108016],[140.10115,36.108026],[140.101126,36.108064],[140.101103,36.108055]]]}},{"type":"Feature","properties":{"height":3},"geometry":{"type":"Polygon","coordinates":[[[140.094335,36.11564],[140.094364,36.115585],[140.094425,36.115607],[140.094396,36.115662],[140.094335,36.11564]]]}},{"type":"Feature","properties":{"height":3},"geometry":{"type":"Polygon","coordinates":[[[140.097251,36.110814],[140.097265,36.110793],[140.097302,36.110808],[140.097289,36.110829],[140.097251,36.110814]]]}},{"type":"Feature","properties":{"height":3},"geometry":{"type":"Polygon","coordinates":[[[140.095174,36.114468],[140.095196,36.114397],[140.095255,36.114409],[140.095233,36.11448],[140.095174,36.114468]]]}},{"type":"Feature","properties":{"height":3.9},"geometry":{"type":"Polygon","coordinates":[[[140.096328,36.114706],[140.096358,36.114616],[140.096421,36.11463],[140.096392,36.11472],[140.096328,36.114706]]]}},{"type":"Feature","properties":{"height":3.6},"geometry":{"type":"Polygon","coordinates":[[[140.094485,36.115393],[140.094597,36.115174],[140.094661,36.115196],[140.094549,36.115414],[140.094485,36.115393]]]}},{"type":"Feature","properties":{"height":3},"geometry":{"type":"Polygon","coordinates":[[[140.096324,36.114569],[140.096335,36.114536],[140.096363,36.114542],[140.096352,36.114574],[140.096324,36.114569]]]}},{"type":"Feature","properties":{"height":3},"geometry":{"type":"Polygon","coordinates":[[[140.095912,36.114166],[140.095919,36.114143],[140.095987,36.114157],[140.09598,36.11418],[140.095912,36.114166]]]}},{"type":"Feature","properties":{"height":3},"geometry":{"type":"Polygon","coordinates":[[[140.098302,36.109273],[140.098319,36.109244],[140.09834,36.109252],[140.098323,36.109281],[140.098302,36.109273]]]}},{"type":"Feature","properties":{"height":3},"geometry":{"type":"Polygon","coordinates":[[[140.099652,36.111392],[140.09971,36.111302],[140.099735,36.111313],[140.099677,36.111402],[140.099652,36.111392]]]}},{"type":"Feature","properties":{"height":3},"geometry":{"type":"Polygon","coordinates":[[[140.09912,36.110488],[140.099128,36.110471],[140.099156,36.11048],[140.099148,36.110497],[140.09912,36.110488]]]}},{"type":"Feature","properties":{"height":18.7},"geometry":{"type":"Polygon","coordinates":[[[140.099749,36.10948],[140.099956,36.109156],[140.100172,36.109247],[140.099965,36.109571],[140.099749,36.10948]]]}},{"type":"Feature","properties":{"height":3},"geometry":{"type":"Polygon","coordinates":[[[140.096194,36.111254],[140.096238,36.111187],[140.096289,36.111208],[140.096245,36.111276],[140.096194,36.111254]]]}},{"type":"Feature","properties":{"height":3},"geometry":{"type":"Polygon","coordinates":[[[140.099458,36.111309],[140.099517,36.11122],[140.099541,36.111231],[140.099483,36.11132],[140.099458,36.111309]]]}},{"type":"Feature","properties":{"height":11.1},"geometry":{"type":"Polygon","coordinates":[[[140.099248,36.111704],[140.099445,36.1114],[140.099714,36.111515],[140.099518,36.111819],[140.099248,36.111704]]]}},{"type":"Feature","properties":{"height":8.3},"geometry":{"type":"Polygon","coordinates":[[[140.094206,36.114506],[140.094254,36.114358],[140.094376,36.114384],[140.094329,36.114532],[140.094206,36.114506]]]}},{"type":"Feature","properties":{"height":5.5},"geometry":{"type":"Polygon","coordinates":[[[140.097402,36.11039],[140.097476,36.110276],[140.097525,36.110297],[140.097528,36.110293],[140.097573,36.110312],[140.097586,36.110292],[140.097859,36.110409],[140.097812,36.110482],[140.097753,36.110457],[140.097709,36.110525],[140.097448,36.110413],[140.097449,36.11041],[140.097402,36.11039]]]}},{"type":"Feature","properties":{"height":5.7},"geometry":{"type":"Polygon","coordinates":[[[140.097476,36.110036],[140.097505,36.10999],[140.097574,36.110018],[140.097544,36.110065],[140.097476,36.110036]]]}},{"type":"Feature","properties":{"height":3},"geometry":{"type":"Polygon","coordinates":[[[140.099698,36.111412],[140.099755,36.111323],[140.0998,36.111342],[140.099742,36.111431],[140.099698,36.111412]]]}},{"type":"Feature","properties":{"height":11.9},"geometry":{"type":"Polygon","coordinates":[[[140.096967,36.116611],[140.0971,36.116607],[140.0971,36.116596],[140.097388,36.116586],[140.097389,36.116595],[140.09753,36.11659],[140.097534,36.116666],[140.097479,36.116668],[140.09748,36.11668],[140.097446,36.116681],[140.097446,36.11667],[140.097388,36.116672],[140.097388,36.116664],[140.097339,36.116665],[140.09734,36.116677],[140.097307,36.116678],[140.097306,36.116667],[140.097198,36.11667],[140.097199,36.116682],[140.097166,36.116683],[140.097166,36.116672],[140.097113,36.116674],[140.097113,36.116684],[140.09706,36.116686],[140.09706,36.116697],[140.097027,36.116698],[140.097026,36.116688],[140.096971,36.116689],[140.096967,36.116611]]]}},{"type":"Feature","properties":{"height":3},"geometry":{"type":"Polygon","coordinates":[[[140.095665,36.114146],[140.09568,36.114096],[140.095733,36.114106],[140.095718,36.114156],[140.095665,36.114146]]]}},{"type":"Feature","properties":{"height":3},"geometry":{"type":"Polygon","coordinates":[[[140.099757,36.111437],[140.099814,36.111347],[140.099838,36.111357],[140.099781,36.111446],[140.099757,36.111437]]]}},{"type":"Feature","properties":{"height":18.1},"geometry":{"type":"Polygon","coordinates":[[[140.099143,36.108487],[140.099379,36.108122],[140.099529,36.108186],[140.099459,36.108294],[140.099475,36.1083],[140.099456,36.10833],[140.099441,36.108323],[140.099382,36.108415],[140.099397,36.108421],[140.099378,36.108449],[140.099364,36.108443],[140.099305,36.108534],[140.099319,36.10854],[140.099308,36.108557],[140.099143,36.108487]]]}},{"type":"Feature","properties":{"height":9.8},"geometry":{"type":"Polygon","coordinates":[[[140.097431,36.109689],[140.097579,36.109461],[140.097839,36.109572],[140.09769,36.1098],[140.097431,36.109689]]]}},{"type":"Feature","properties":{"height":3.6},"geometry":{"type":"Polygon","coordinates":[[[140.099573,36.110748],[140.099625,36.110668],[140.0997,36.1107],[140.099648,36.11078],[140.099573,36.110748]]]}},{"type":"Feature","properties":{"height":3.5},"geometry":{"type":"Polygon","coordinates":[[[140.097528,36.110293],[140.097541,36.110273],[140.097586,36.110292],[140.097573,36.110312],[140.097528,36.110293]]]}},{"type":"Feature","properties":{"height":3},"geometry":{"type":"Polygon","coordinates":[[[140.098703,36.109403],[140.09884,36.109192],[140.098905,36.109219],[140.098767,36.109431],[140.098703,36.109403]]]}},{"type":"Feature","properties":{"height":3},"geometry":{"type":"Polygon","coordinates":[[[140.095357,36.114275],[140.095393,36.114257],[140.095406,36.114274],[140.09537,36.114292],[140.095357,36.114275]]]}},{"type":"Feature","properties":{"height":8.4},"geometry":{"type":"Polygon","coordinates":[[[140.098123,36.10974],[140.098289,36.109482],[140.098471,36.109559],[140.098305,36.109817],[140.098123,36.10974]]]}},{"type":"Feature","properties":{"height":3},"geometry":{"type":"Polygon","coordinates":[[[140.095623,36.114191],[140.095629,36.11416],[140.095665,36.114165],[140.095658,36.114196],[140.095623,36.114191]]]}},{"type":"Feature","properties":{"height":3},"geometry":{"type":"Polygon","coordinates":[[[140.099565,36.11115],[140.09958,36.111128],[140.099905,36.111269],[140.09989,36.111291],[140.099565,36.11115]]]}},{"type":"Feature","properties":{"height":3.2},"geometry":{"type":"Polygon","coordinates":[[[140.094422,36.11537],[140.094533,36.115153],[140.094593,36.115174],[140.094482,36.115391],[140.094422,36.11537]]]}},{"type":"Feature","properties":{"height":3.1},"geometry":{"type":"Polygon","coordinates":[[[140.096896,36.111529],[140.096915,36.1115],[140.096942,36.111511],[140.096923,36.111541],[140.096896,36.111529]]]}},{"type":"Feature","properties":{"height":3},"geometry":{"type":"Polygon","coordinates":[[[140.095958,36.114344],[140.095967,36.114313],[140.09599,36.114318],[140.09598,36.114349],[140.095958,36.114344]]]}},{"type":"Feature","properties":{"height":3.9},"geometry":{"type":"Polygon","coordinates":[[[140.098033,36.109916],[140.098141,36.109748],[140.098287,36.109809],[140.098178,36.109978],[140.098176,36.109978],[140.098168,36.10999],[140.098143,36.10998],[140.098151,36.109967],[140.09813,36.109958],[140.098123,36.10997],[140.0981,36.10996],[140.098108,36.109948],[140.098033,36.109916]]]}},{"type":"Feature","properties":{"height":7.7},"geometry":{"type":"Polygon","coordinates":[[[140.098393,36.109269],[140.098512,36.109083],[140.098497,36.109076],[140.098536,36.109016],[140.098744,36.109103],[140.098586,36.10935],[140.098393,36.109269]]]}},{"type":"Feature","properties":{"height":16.5},"geometry":{"type":"Polygon","coordinates":[[[140.09875,36.110998],[140.09883,36.110875],[140.099171,36.111021],[140.099144,36.111062],[140.099206,36.111089],[140.09919,36.111112],[140.099129,36.111086],[140.099091,36.111145],[140.09875,36.110998]]]}},{"type":"Feature","properties":{"height":3},"geometry":{"type":"Polygon","coordinates":[[[140.097069,36.11234],[140.097076,36.112318],[140.097109,36.112325],[140.097102,36.112347],[140.097069,36.11234]]]}},{"type":"Feature","properties":{"height":3},"geometry":{"type":"Polygon","coordinates":[[[140.099188,36.11167],[140.099317,36.111471],[140.099342,36.111482],[140.099213,36.111681],[140.099188,36.11167]]]}},{"type":"Feature","properties":{"height":15.6},"geometry":{"type":"Polygon","coordinates":[[[140.099682,36.110092],[140.099718,36.110037],[140.099745,36.110048],[140.099709,36.110104],[140.099682,36.110092]]]}},{"type":"Feature","properties":{"height":3},"geometry":{"type":"Polygon","coordinates":[[[140.098001,36.109751],[140.098016,36.10973],[140.09804,36.109741],[140.098026,36.109762],[140.098001,36.109751]]]}},{"type":"Feature","properties":{"height":9.8},"geometry":{"type":"Polygon","coordinates":[[[140.097904,36.108496],[140.097989,36.108363],[140.098084,36.108404],[140.098157,36.10829],[140.098065,36.108251],[140.098153,36.108114],[140.098409,36.108223],[140.098326,36.108352],[140.098956,36.108619],[140.098874,36.108745],[140.098508,36.10859],[140.098526,36.108562],[140.098457,36.108533],[140.098398,36.108621],[140.098206,36.108539],[140.098163,36.108607],[140.097904,36.108496]]]}},{"type":"Feature","properties":{"height":4.6},"geometry":{"type":"Polygon","coordinates":[[[140.098163,36.108607],[140.098206,36.108539],[140.098398,36.108621],[140.09837,36.108664],[140.098267,36.10862],[140.098251,36.108644],[140.098163,36.108607]]]}},{"type":"Feature","properties":{"height":3.3},"geometry":{"type":"Polygon","coordinates":[[[140.096704,36.111467],[140.096723,36.111437],[140.096752,36.111449],[140.096732,36.111479],[140.096704,36.111467]]]}},{"type":"Feature","properties":{"height":3},"geometry":{"type":"Polygon","coordinates":[[[140.09585,36.114151],[140.095856,36.114129],[140.0959,36.114137],[140.095894,36.11416],[140.09585,36.114151]]]}},{"type":"Feature","properties":{"height":18},"geometry":{"type":"Polygon","coordinates":[[[140.099387,36.109323],[140.099549,36.10908],[140.099711,36.109151],[140.099549,36.109393],[140.09948,36.109363],[140.099465,36.109386],[140.099397,36.109356],[140.099412,36.109334],[140.099387,36.109323]]]}},{"type":"Feature","properties":{"height":5},"geometry":{"type":"Polygon","coordinates":[[[140.09842,36.108936],[140.098515,36.10879],[140.098891,36.108952],[140.098796,36.109097],[140.09842,36.108936]]]}},{"type":"Feature","properties":{"height":3},"geometry":{"type":"Polygon","coordinates":[[[140.096193,36.114528],[140.096201,36.114502],[140.096228,36.114507],[140.09622,36.114533],[140.096193,36.114528]]]}},{"type":"Feature","properties":{"height":4.9},"geometry":{"type":"Polygon","coordinates":[[[140.097569,36.110263],[140.097606,36.110204],[140.097755,36.110266],[140.097717,36.110325],[140.097569,36.110263]]]}},{"type":"Feature","properties":{"height":8.1},"geometry":{"type":"Polygon","coordinates":[[[140.098864,36.109173],[140.098903,36.109113],[140.098929,36.109124],[140.09889,36.109184],[140.098864,36.109173]]]}},{"type":"Feature","properties":{"height":8.4},"geometry":{"type":"Polygon","coordinates":[[[140.09595,36.114444],[140.095991,36.114316],[140.096316,36.114384],[140.096276,36.114512],[140.09595,36.114444]]]}},{"type":"Feature","properties":{"height":3},"geometry":{"type":"Polygon","coordinates":[[[140.099841,36.111888],[140.099863,36.111853],[140.099905,36.11187],[140.099883,36.111906],[140.099841,36.111888]]]}},{"type":"Feature","properties":{"height":3},"geometry":{"type":"Polygon","coordinates":[[[140.097395,36.109645],[140.097411,36.109619],[140.097442,36.109632],[140.097426,36.109658],[140.097395,36.109645]]]}},{"type":"Feature","properties":{"height":7.9},"geometry":{"type":"Polygon","coordinates":[[[140.096296,36.114994],[140.096304,36.114962],[140.096353,36.114971],[140.096345,36.115003],[140.096296,36.114994]]]}},{"type":"Feature","properties":{"height":3},"geometry":{"type":"Polygon","coordinates":[[[140.096175,36.11458],[140.096187,36.114545],[140.096253,36.114559],[140.096241,36.114595],[140.096175,36.11458]]]}},{"type":"Feature","properties":{"height":12.9},"geometry":{"type":"Polygon","coordinates":[[[140.096396,36.111107],[140.096449,36.111025],[140.096507,36.11105],[140.096633,36.110856],[140.096671,36.110873],[140.096729,36.110883],[140.096721,36.110895],[140.096875,36.110961],[140.09675,36.111154],[140.096777,36.111166],[140.096902,36.110973],[140.097219,36.111108],[140.097042,36.111382],[140.096725,36.111247],[140.096753,36.111203],[140.096727,36.111192],[140.096698,36.111236],[140.096396,36.111107]]]}},{"type":"Feature","properties":{"height":3},"geometry":{"type":"Polygon","coordinates":[[[140.095923,36.111199],[140.095945,36.111161],[140.095962,36.111167],[140.09594,36.111205],[140.095923,36.111199]]]}},{"type":"Feature","properties":{"height":4.7},"geometry":{"type":"Polygon","coordinates":[[[140.099817,36.110531],[140.099845,36.110488],[140.099918,36.110519],[140.099898,36.110549],[140.09991,36.110554],[140.099951,36.110491],[140.1,36.110512],[140.099986,36.110533],[140.100056,36.110562],[140.100035,36.110591],[140.099954,36.110556],[140.099938,36.110581],[140.099952,36.110587],[140.099937,36.110611],[140.099886,36.110589],[140.099892,36.110579],[140.099883,36.110575],[140.099877,36.110585],[140.099829,36.110565],[140.099844,36.110542],[140.099817,36.110531]]]}},{"type":"Feature","properties":{"height":3.6},"geometry":{"type":"Polygon","coordinates":[[[140.097281,36.110425],[140.097324,36.110358],[140.097383,36.110383],[140.097373,36.110397],[140.097516,36.110458],[140.097506,36.110473],[140.097514,36.110477],[140.097501,36.110497],[140.097492,36.110493],[140.097481,36.11051],[140.097281,36.110425]]]}},{"type":"Feature","properties":{"height":4.4},"geometry":{"type":"Polygon","coordinates":[[[140.098326,36.108352],[140.098357,36.108303],[140.098551,36.108385],[140.09852,36.108434],[140.098326,36.108352]]]}},{"type":"Feature","properties":{"height":5.8},"geometry":{"type":"Polygon","coordinates":[[[140.097339,36.110931],[140.09753,36.110637],[140.097703,36.110711],[140.097513,36.111005],[140.097339,36.110931]]]}},{"type":"Feature","properties":{"height":16.1},"geometry":{"type":"Polygon","coordinates":[[[140.099791,36.11167],[140.099929,36.111455],[140.100079,36.111519],[140.099925,36.111756],[140.099849,36.111724],[140.099845,36.111731],[140.099823,36.111722],[140.099843,36.111692],[140.099791,36.11167]]]}},{"type":"Feature","properties":{"height":3.2},"geometry":{"type":"Polygon","coordinates":[[[140.093882,36.116038],[140.094059,36.115695],[140.094216,36.115749],[140.094039,36.116092],[140.093882,36.116038]]]}},{"type":"Feature","properties":{"height":46.7},"geometry":{"type":"Polygon","coordinates":[[[140.099572,36.109073],[140.0996,36.109029],[140.099635,36.109044],[140.099644,36.10903],[140.099711,36.109059],[140.099702,36.109073],[140.099733,36.109086],[140.099705,36.10913],[140.099572,36.109073]]]}},{"type":"Feature","properties":{"height":3},"geometry":{"type":"Polygon","coordinates":[[[140.09639,36.111057],[140.096419,36.111013],[140.096449,36.111025],[140.09642,36.11107],[140.09639,36.111057]]]}},{"type":"Feature","properties":{"height":3.5},"geometry":{"type":"Polygon","coordinates":[[[140.09825,36.10907],[140.098288,36.109015],[140.098362,36.109049],[140.098323,36.109104],[140.09825,36.10907]]]}},{"type":"Feature","properties":{"height":3},"geometry":{"type":"Polygon","coordinates":[[[140.097419,36.110621],[140.097447,36.110576],[140.09747,36.110586],[140.097442,36.11063],[140.097419,36.110621]]]}},{"type":"Feature","properties":{"height":45.3},"geometry":{"type":"Polygon","coordinates":[[[140.099319,36.110398],[140.099398,36.110276],[140.099473,36.110308],[140.099549,36.110191],[140.099327,36.110096],[140.099366,36.110035],[140.099341,36.110024],[140.099376,36.10997],[140.099401,36.109981],[140.099406,36.109974],[140.099864,36.11017],[140.099785,36.110291],[140.099712,36.11026],[140.099636,36.110376],[140.099856,36.110471],[140.099817,36.110531],[140.099844,36.110542],[140.099807,36.110599],[140.099781,36.110588],[140.099777,36.110594],[140.099319,36.110398]]]}},{"type":"Feature","properties":{"height":3},"geometry":{"type":"Polygon","coordinates":[[[140.094308,36.115695],[140.094329,36.115654],[140.094391,36.115674],[140.09437,36.115716],[140.094308,36.115695]]]}},{"type":"Feature","properties":{"height":3.1},"geometry":{"type":"Polygon","coordinates":[[[140.097744,36.110478],[140.097754,36.110462],[140.097786,36.110476],[140.097776,36.110491],[140.097744,36.110478]]]}},{"type":"Feature","properties":{"height":16.4},"geometry":{"type":"Polygon","coordinates":[[[140.098962,36.110812],[140.099003,36.110747],[140.098982,36.110738],[140.098998,36.110715],[140.099019,36.110724],[140.099059,36.110662],[140.099208,36.110726],[140.099242,36.110674],[140.099093,36.110611],[140.099213,36.110424],[140.099544,36.110565],[140.099423,36.110751],[140.099346,36.110718],[140.099311,36.110772],[140.099655,36.110919],[140.099615,36.110982],[140.099632,36.110989],[140.099675,36.110921],[140.100069,36.111087],[140.100026,36.111154],[140.100109,36.111189],[140.100093,36.111214],[140.100066,36.111202],[140.10002,36.111275],[140.099569,36.111086],[140.099617,36.111012],[140.0996,36.111005],[140.09956,36.111067],[140.099217,36.11092],[140.099186,36.110908],[140.098962,36.110812]]]}},{"type":"Feature","properties":{"height":17.7},"geometry":{"type":"Polygon","coordinates":[[[140.096847,36.111788],[140.09692,36.111675],[140.097193,36.111792],[140.09712,36.111905],[140.096847,36.111788]]]}},{"type":"Feature","properties":{"height":16.3},"geometry":{"type":"Polygon","coordinates":[[[140.099126,36.111002],[140.099186,36.110908],[140.099217,36.11092],[140.099156,36.111015],[140.099126,36.111002]]]}},{"type":"Feature","properties":{"height":5.5},"geometry":{"type":"Polygon","coordinates":[[[140.099423,36.110751],[140.099543,36.110567],[140.099577,36.110581],[140.099458,36.110766],[140.099423,36.110751]]]}},{"type":"Feature","properties":{"height":4.4},"geometry":{"type":"Polygon","coordinates":[[[140.096649,36.111704],[140.096722,36.111591],[140.096877,36.111657],[140.096804,36.11177],[140.096649,36.111704]]]}},{"type":"Feature","properties":{"height":16},"geometry":{"type":"Polygon","coordinates":[[[140.099564,36.112],[140.099644,36.111877],[140.099653,36.11188],[140.09977,36.111699],[140.099921,36.111764],[140.099809,36.111937],[140.099994,36.112016],[140.099909,36.112147],[140.099564,36.112]]]}},{"type":"Feature","properties":{"height":3},"geometry":{"type":"Polygon","coordinates":[[[140.093719,36.114028],[140.093735,36.113975],[140.09381,36.11399],[140.093794,36.114043],[140.093719,36.114028]]]}},{"type":"Feature","properties":{"height":8.7},"geometry":{"type":"Polygon","coordinates":[[[140.094521,36.114623],[140.09453,36.114591],[140.09458,36.114601],[140.094577,36.114611],[140.094588,36.114613],[140.094582,36.114635],[140.094521,36.114623]]]}},{"type":"Feature","properties":{"height":3.4},"geometry":{"type":"Polygon","coordinates":[[[140.0941,36.115665],[140.09426,36.115356],[140.094384,36.115398],[140.094224,36.115707],[140.0941,36.115665]]]}},{"type":"Feature","properties":{"height":3.9},"geometry":{"type":"Polygon","coordinates":[[[140.09739,36.110584],[140.097431,36.110521],[140.097465,36.110535],[140.097425,36.110599],[140.09739,36.110584]]]}},{"type":"Feature","properties":{"height":3.1},"geometry":{"type":"Polygon","coordinates":[[[140.099803,36.109337],[140.099847,36.109269],[140.099867,36.109277],[140.099823,36.109346],[140.099803,36.109337]]]}},{"type":"Feature","properties":{"height":3},"geometry":{"type":"Polygon","coordinates":[[[140.097776,36.110302],[140.097781,36.110294],[140.097787,36.110296],[140.097793,36.110287],[140.097822,36.110299],[140.09781,36.110317],[140.097781,36.110305],[140.097782,36.110304],[140.097776,36.110302]]]}},{"type":"Feature","properties":{"height":4.1},"geometry":{"type":"Polygon","coordinates":[[[140.099469,36.111411],[140.099506,36.111355],[140.099726,36.111448],[140.099689,36.111505],[140.099469,36.111411]]]}},{"type":"Feature","properties":{"height":3.7},"geometry":{"type":"Polygon","coordinates":[[[140.098518,36.109363],[140.098532,36.109342],[140.098551,36.10935],[140.098537,36.109371],[140.098518,36.109363]]]}},{"type":"Feature","properties":{"height":3},"geometry":{"type":"Polygon","coordinates":[[[140.099498,36.111327],[140.099556,36.111237],[140.0996,36.111256],[140.099542,36.111345],[140.099498,36.111327]]]}},{"type":"Feature","properties":{"height":5},"geometry":{"type":"Polygon","coordinates":[[[140.099689,36.110876],[140.099818,36.110675],[140.099866,36.110696],[140.099737,36.110896],[140.099689,36.110876]]]}},{"type":"Feature","properties":{"height":3},"geometry":{"type":"Polygon","coordinates":[[[140.096982,36.110735],[140.097003,36.110706],[140.097025,36.110716],[140.097004,36.110745],[140.096982,36.110735]]]}},{"type":"Feature","properties":{"height":4.5},"geometry":{"type":"Polygon","coordinates":[[[140.098554,36.109023],[140.098569,36.109],[140.098755,36.10908],[140.098741,36.109102],[140.098554,36.109023]]]}},{"type":"Feature","properties":{"height":3},"geometry":{"type":"Polygon","coordinates":[[[140.096661,36.111456],[140.096676,36.111433],[140.0967,36.111443],[140.096685,36.111466],[140.096661,36.111456]]]}},{"type":"Feature","properties":{"height":3},"geometry":{"type":"Polygon","coordinates":[[[140.098849,36.108439],[140.098871,36.108406],[140.098896,36.108416],[140.098874,36.10845],[140.098849,36.108439]]]}},{"type":"Feature","properties":{"height":3},"geometry":{"type":"Polygon","coordinates":[[[140.097761,36.11052],[140.097776,36.110497],[140.097798,36.110506],[140.097782,36.110529],[140.097761,36.11052]]]}},{"type":"Feature","properties":{"height":7.4},"geometry":{"type":"Polygon","coordinates":[[[140.097031,36.112473],[140.097066,36.112358],[140.097135,36.112371],[140.097143,36.112345],[140.097224,36.112361],[140.097216,36.112387],[140.097235,36.112391],[140.097221,36.112436],[140.097244,36.112441],[140.097236,36.112468],[140.097213,36.112463],[140.0972,36.112507],[140.097031,36.112473]]]}},{"type":"Feature","properties":{"height":3},"geometry":{"type":"Polygon","coordinates":[[[140.09516,36.114507],[140.095167,36.114484],[140.095236,36.114498],[140.095229,36.114522],[140.09516,36.114507]]]}},{"type":"Feature","properties":{"height":3.9},"geometry":{"type":"Polygon","coordinates":[[[140.09672,36.112198],[140.096769,36.112033],[140.096999,36.112077],[140.09695,36.112243],[140.09672,36.112198]]]}},{"type":"Feature","properties":{"height":4.7},"geometry":{"type":"Polygon","coordinates":[[[140.097724,36.109785],[140.097857,36.10958],[140.098014,36.109648],[140.097881,36.109852],[140.097724,36.109785]]]}},{"type":"Feature","properties":{"height":6.2},"geometry":{"type":"Polygon","coordinates":[[[140.096906,36.111567],[140.096914,36.111556],[140.096922,36.111559],[140.097001,36.111439],[140.097202,36.111525],[140.097123,36.111646],[140.097107,36.111639],[140.097099,36.11165],[140.097077,36.111641],[140.097084,36.11163],[140.097063,36.111621],[140.097056,36.111632],[140.097034,36.111622],[140.097041,36.111612],[140.097022,36.111603],[140.097015,36.111614],[140.096993,36.111604],[140.097,36.111594],[140.096981,36.111586],[140.096974,36.111596],[140.096951,36.111585],[140.096957,36.111575],[140.096937,36.111567],[140.09693,36.111577],[140.096906,36.111567]]]}},{"type":"Feature","properties":{"height":5.5},"geometry":{"type":"Polygon","coordinates":[[[140.095263,36.114517],[140.09529,36.114432],[140.095543,36.114485],[140.095516,36.11457],[140.095263,36.114517]]]}},{"type":"Feature","properties":{"height":3.2},"geometry":{"type":"Polygon","coordinates":[[[140.098036,36.109683],[140.098089,36.109603],[140.098158,36.109634],[140.098105,36.109713],[140.098036,36.109683]]]}},{"type":"Feature","properties":{"height":3},"geometry":{"type":"Polygon","coordinates":[[[140.097615,36.110189],[140.097652,36.110132],[140.097801,36.110195],[140.097763,36.110252],[140.097615,36.110189]]]}},{"type":"Feature","properties":{"height":3},"geometry":{"type":"Polygon","coordinates":[[[140.097764,36.110335],[140.097773,36.110321],[140.097795,36.110329],[140.097787,36.110344],[140.097764,36.110335]]]}},{"type":"Feature","properties":{"height":5.4},"geometry":{"type":"Polygon","coordinates":[[[140.098115,36.10957],[140.098195,36.109445],[140.098288,36.109484],[140.098207,36.109609],[140.098115,36.10957]]]}},{"type":"Feature","properties":{"height":13.5},"geometry":{"type":"Polygon","coordinates":[[[140.097055,36.11081],[140.097283,36.110458],[140.097431,36.110521],[140.097204,36.110873],[140.097055,36.11081]]]}},{"type":"Feature","properties":{"height":3},"geometry":{"type":"Polygon","coordinates":[[[140.099069,36.110461],[140.099082,36.110441],[140.099132,36.110462],[140.09912,36.110482],[140.099069,36.110461]]]}},{"type":"Feature","properties":{"height":3},"geometry":{"type":"Polygon","coordinates":[[[140.098788,36.108533],[140.098837,36.108456],[140.098863,36.108467],[140.098814,36.108544],[140.098788,36.108533]]]}},{"type":"Feature","properties":{"height":3.7},"geometry":{"type":"Polygon","coordinates":[[[140.094168,36.116684],[140.094242,36.116547],[140.094337,36.11658],[140.094263,36.116718],[140.094168,36.116684]]]}},{"type":"Feature","properties":{"height":4.9},"geometry":{"type":"Polygon","coordinates":[[[140.096413,36.111343],[140.096491,36.111222],[140.09667,36.111298],[140.09665,36.111329],[140.096668,36.111336],[140.096651,36.111364],[140.096633,36.111356],[140.096592,36.111419],[140.096413,36.111343]]]}},{"type":"Feature","properties":{"height":3},"geometry":{"type":"Polygon","coordinates":[[[140.098175,36.109415],[140.098193,36.109386],[140.098217,36.109396],[140.098199,36.109425],[140.098175,36.109415]]]}},{"type":"Feature","properties":{"height":3.4},"geometry":{"type":"Polygon","coordinates":[[[140.095656,36.114259],[140.095659,36.114237],[140.095667,36.114238],[140.09567,36.114221],[140.095751,36.114229],[140.095751,36.114225],[140.095779,36.114228],[140.095772,36.114277],[140.095765,36.114276],[140.095764,36.114287],[140.095661,36.114277],[140.095664,36.11426],[140.095656,36.114259]]]}},{"type":"Feature","properties":{"height":3},"geometry":{"type":"Polygon","coordinates":[[[140.096825,36.112461],[140.096832,36.112439],[140.096863,36.112445],[140.096857,36.112467],[140.096825,36.112461]]]}},{"type":"Feature","properties":{"height":20.3},"geometry":{"type":"Polygon","coordinates":[[[140.09944,36.110521],[140.099476,36.110465],[140.0995,36.110476],[140.099464,36.110531],[140.09944,36.110521]]]}},{"type":"Feature","properties":{"height":3},"geometry":{"type":"Polygon","coordinates":[[[140.09973,36.111499],[140.099754,36.11146],[140.099777,36.11147],[140.099754,36.111508],[140.09973,36.111499]]]}},{"type":"Feature","properties":{"height":3},"geometry":{"type":"Polygon","coordinates":[[[140.094221,36.114019],[140.09424,36.114002],[140.094289,36.114041],[140.094269,36.114057],[140.094221,36.114019]]]}},{"type":"Feature","properties":{"height":3},"geometry":{"type":"Polygon","coordinates":[[[140.096766,36.111493],[140.096781,36.111472],[140.096799,36.11148],[140.096785,36.111501],[140.096766,36.111493]]]}},{"type":"Feature","properties":{"height":51.6},"geometry":{"type":"Polygon","coordinates":[[[140.099513,36.108991],[140.09985,36.108469],[140.099908,36.108493],[140.099974,36.108524],[140.099969,36.108531],[140.100037,36.10856],[140.100041,36.108554],[140.100131,36.108594],[140.099811,36.109095],[140.0998,36.109091],[140.099788,36.10911],[140.099702,36.109073],[140.099711,36.109059],[140.099644,36.10903],[140.099635,36.109044],[140.099513,36.108991]]]}},{"type":"Feature","properties":{"height":3},"geometry":{"type":"Polygon","coordinates":[[[140.097492,36.110231],[140.097526,36.110178],[140.097558,36.110191],[140.097561,36.110185],[140.09757,36.110189],[140.097533,36.110248],[140.097492,36.110231]]]}},{"type":"Feature","properties":{"height":3},"geometry":{"type":"Polygon","coordinates":[[[140.096819,36.111559],[140.096913,36.111409],[140.096939,36.11142],[140.096845,36.11157],[140.096819,36.111559]]]}},{"type":"Feature","properties":{"height":3},"geometry":{"type":"Polygon","coordinates":[[[140.096976,36.112472],[140.096987,36.112437],[140.097017,36.112443],[140.097006,36.112478],[140.096976,36.112472]]]}},{"type":"Feature","properties":{"height":3},"geometry":{"type":"Polygon","coordinates":[[[140.099966,36.111027],[140.100014,36.111015],[140.099997,36.11104],[140.099966,36.111027]]]}},{"type":"Feature","properties":{"height":3},"geometry":{"type":"Polygon","coordinates":[[[140.097751,36.110534],[140.097755,36.110527],[140.097762,36.11053],[140.097758,36.110537],[140.097751,36.110534]]]}},{"type":"Feature","properties":{"height":4.9},"geometry":{"type":"Polygon","coordinates":[[[140.097206,36.11087],[140.097224,36.110842],[140.097361,36.110898],[140.097343,36.110926],[140.097206,36.11087]]]}},{"type":"Feature","properties":{"height":3.3},"geometry":{"type":"Polygon","coordinates":[[[140.096735,36.11148],[140.096746,36.111463],[140.096776,36.111475],[140.096765,36.111493],[140.096735,36.11148]]]}},{"type":"Feature","properties":{"height":3},"geometry":{"type":"Polygon","coordinates":[[[140.097838,36.114599],[140.097864,36.114599],[140.097864,36.114617],[140.097838,36.114617],[140.097838,36.114599]]]}},{"type":"Feature","properties":{"height":3},"geometry":{"type":"Polygon","coordinates":[[[140.094056,36.116646],[140.094128,36.116508],[140.094224,36.116541],[140.094151,36.116679],[140.094056,36.116646]]]}},{"type":"Feature","properties":{"height":3},"geometry":{"type":"Polygon","coordinates":[[[140.099555,36.111351],[140.099613,36.111262],[140.099662,36.111282],[140.099604,36.111372],[140.099555,36.111351]]]}},{"type":"Feature","properties":{"height":3},"geometry":{"type":"Polygon","coordinates":[[[140.095295,36.114306],[140.095317,36.114296],[140.095328,36.114311],[140.095306,36.114321],[140.095295,36.114306]]]}},{"type":"Feature","properties":{"height":3},"geometry":{"type":"Polygon","coordinates":[[[140.099423,36.111866],[140.099434,36.111849],[140.09948,36.111869],[140.099469,36.111886],[140.099423,36.111866]]]}},{"type":"Feature","properties":{"height":3.4},"geometry":{"type":"Polygon","coordinates":[[[140.096609,36.11451],[140.096619,36.114475],[140.096658,36.114482],[140.096648,36.114517],[140.096609,36.11451]]]}},{"type":"Feature","properties":{"height":3},"geometry":{"type":"Polygon","coordinates":[[[140.097791,36.110493],[140.097795,36.110487],[140.097807,36.110492],[140.097803,36.110499],[140.097791,36.110493]]]}},{"type":"Feature","properties":{"height":20.3},"geometry":{"type":"Polygon","coordinates":[[[140.098904,36.11156],[140.099215,36.111081],[140.099392,36.111156],[140.099081,36.111636],[140.098904,36.11156]]]}},{"type":"Feature","properties":{"height":3},"geometry":{"type":"Polygon","coordinates":[[[140.095318,36.114291],[140.095345,36.114279],[140.095358,36.114297],[140.09533,36.11431],[140.095318,36.114291]]]}},{"type":"Feature","properties":{"height":4.3},"geometry":{"type":"Polygon","coordinates":[[[140.098047,36.108388],[140.098077,36.10834],[140.098067,36.108336],[140.098086,36.108307],[140.098097,36.108312],[140.098121,36.108274],[140.098157,36.10829],[140.098084,36.108404],[140.098047,36.108388]]]}},{"type":"Feature","properties":{"height":3},"geometry":{"type":"Polygon","coordinates":[[[140.099362,36.114162],[140.099364,36.114137],[140.099395,36.114139],[140.099393,36.114164],[140.099362,36.114162]]]}},{"type":"Feature","properties":{"height":10.8},"geometry":{"type":"Polygon","coordinates":[[[140.094335,36.114534],[140.09436,36.114453],[140.095606,36.114709],[140.095609,36.114699],[140.095836,36.114745],[140.095833,36.114755],[140.096379,36.114867],[140.096354,36.114947],[140.094335,36.114534]]]}},{"type":"Feature","properties":{"height":3},"geometry":{"type":"Polygon","coordinates":[[[140.094366,36.114446],[140.094373,36.114423],[140.094422,36.114433],[140.094415,36.114456],[140.094366,36.114446]]]}},{"type":"Feature","properties":{"height":31.4},"geometry":{"type":"Polygon","coordinates":[[[140.101536,36.111803],[140.101603,36.111701],[140.101748,36.111763],[140.101763,36.11174],[140.101794,36.111753],[140.101808,36.111732],[140.101862,36.111755],[140.101848,36.111777],[140.101878,36.11179],[140.101893,36.111767],[140.101853,36.111749],[140.101855,36.111722],[140.10184,36.111714],[140.101869,36.111665],[140.101878,36.111669],[140.101914,36.111663],[140.101955,36.11168],[140.101951,36.111687],[140.101978,36.111698],[140.102007,36.111653],[140.102498,36.111866],[140.102456,36.111929],[140.102418,36.111912],[140.102391,36.111953],[140.102337,36.11193],[140.102321,36.111953],[140.1024,36.111988],[140.10232,36.11211],[140.102353,36.112124],[140.102315,36.112182],[140.102283,36.112168],[140.102262,36.112199],[140.102238,36.112189],[140.102202,36.112244],[140.101722,36.112036],[140.101766,36.11197],[140.101793,36.111982],[140.101804,36.111966],[140.102089,36.112089],[140.102209,36.111907],[140.102298,36.111945],[140.102314,36.111921],[140.102098,36.111827],[140.102084,36.111848],[140.101931,36.111782],[140.101915,36.111806],[140.10192,36.111809],[140.101918,36.111813],[140.101952,36.111828],[140.101912,36.111888],[140.10188,36.111875],[140.10184,36.111935],[140.101536,36.111803]]]}},{"type":"Feature","properties":{"height":8.7},"geometry":{"type":"Polygon","coordinates":[[[140.100597,36.112329],[140.100676,36.112207],[140.10075,36.112238],[140.100777,36.112198],[140.100643,36.112141],[140.100736,36.111997],[140.101454,36.112301],[140.10136,36.112447],[140.100809,36.112213],[140.100784,36.112253],[140.100902,36.112303],[140.100824,36.112424],[140.100597,36.112329]]]}},{"type":"Feature","properties":{"height":3},"geometry":{"type":"Polygon","coordinates":[[[140.100668,36.112441],[140.100692,36.112402],[140.100785,36.112441],[140.100761,36.11248],[140.100668,36.112441]]]}},{"type":"Feature","properties":{"height":3},"geometry":{"type":"Polygon","coordinates":[[[140.101785,36.108755],[140.10181,36.108716],[140.101861,36.108738],[140.101837,36.108777],[140.101785,36.108755]]]}},{"type":"Feature","properties":{"height":6},"geometry":{"type":"Polygon","coordinates":[[[140.103279,36.10857],[140.103286,36.108561],[140.103295,36.108565],[140.103328,36.10852],[140.103438,36.108573],[140.103405,36.108618],[140.103412,36.108622],[140.103406,36.108631],[140.103376,36.108616],[140.103375,36.108618],[140.103309,36.108587],[140.103311,36.108585],[140.103279,36.10857]]]}},{"type":"Feature","properties":{"height":3.6},"geometry":{"type":"Polygon","coordinates":[[[140.10107,36.113137],[140.101109,36.113075],[140.101317,36.113163],[140.101278,36.113225],[140.10107,36.113137]]]}},{"type":"Feature","properties":{"height":3},"geometry":{"type":"Polygon","coordinates":[[[140.100386,36.112447],[140.100399,36.112429],[140.100445,36.11245],[140.100433,36.112468],[140.100386,36.112447]]]}},{"type":"Feature","properties":{"height":3},"geometry":{"type":"Polygon","coordinates":[[[140.100225,36.112766],[140.100272,36.112764],[140.100276,36.112819],[140.100228,36.112821],[140.100225,36.112766]]]}},{"type":"Feature","properties":{"height":13.1},"geometry":{"type":"Polygon","coordinates":[[[140.099643,36.110005],[140.099816,36.109737],[140.099993,36.109812],[140.099915,36.109932],[140.100213,36.110059],[140.100173,36.110121],[140.10019,36.110129],[140.100229,36.110068],[140.100605,36.110228],[140.10051,36.110375],[140.100361,36.110312],[140.100169,36.11061],[140.100095,36.110578],[140.100034,36.110672],[140.100109,36.110704],[140.100101,36.110716],[140.100113,36.110721],[140.099919,36.111022],[140.099786,36.110966],[140.09981,36.110928],[140.099749,36.110902],[140.099952,36.110587],[140.100026,36.110619],[140.100061,36.110565],[140.099986,36.110533],[140.100147,36.11029],[140.100224,36.110323],[140.100259,36.110269],[140.100136,36.110216],[140.100175,36.110151],[140.100158,36.110144],[140.100117,36.110207],[140.099643,36.110005]]]}},{"type":"Feature","properties":{"height":3},"geometry":{"type":"Polygon","coordinates":[[[140.100581,36.110505],[140.100612,36.110459],[140.100635,36.110469],[140.100605,36.110515],[140.100581,36.110505]]]}},{"type":"Feature","properties":{"height":3},"geometry":{"type":"Polygon","coordinates":[[[140.101678,36.112289],[140.101691,36.11227],[140.101836,36.11233],[140.101824,36.112349],[140.101678,36.112289]]]}},{"type":"Feature","properties":{"height":19.8},"geometry":{"type":"Polygon","coordinates":[[[140.10177,36.111972],[140.101804,36.111919],[140.101829,36.11193],[140.101806,36.111967],[140.101804,36.111966],[140.101793,36.111982],[140.10177,36.111972]]]}},{"type":"Feature","properties":{"height":3},"geometry":{"type":"Polygon","coordinates":[[[140.100229,36.112663],[140.100242,36.112644],[140.100294,36.112666],[140.100282,36.112685],[140.100229,36.112663]]]}},{"type":"Feature","properties":{"height":3},"geometry":{"type":"Polygon","coordinates":[[[140.101802,36.10856],[140.101816,36.108539],[140.10182,36.10854],[140.101815,36.108548],[140.101968,36.108607],[140.101957,36.108625],[140.101802,36.10856]]]}},{"type":"Feature","properties":{"height":3},"geometry":{"type":"Polygon","coordinates":[[[140.10106,36.116437],[140.101088,36.116437],[140.101088,36.116458],[140.10106,36.116457],[140.10106,36.116437]]]}},{"type":"Feature","properties":{"height":9.4},"geometry":{"type":"Polygon","coordinates":[[[140.101703,36.112258],[140.101716,36.112239],[140.101857,36.112299],[140.101844,36.112319],[140.101703,36.112258]]]}},{"type":"Feature","properties":{"height":3.1},"geometry":{"type":"Polygon","coordinates":[[[140.102144,36.108698],[140.102156,36.10868],[140.102303,36.108741],[140.102291,36.10876],[140.102144,36.108698]]]}},{"type":"Feature","properties":{"height":3.1},"geometry":{"type":"Polygon","coordinates":[[[140.100297,36.112707],[140.100316,36.112674],[140.100322,36.112677],[140.100332,36.11266],[140.100432,36.1127],[140.100404,36.112748],[140.100297,36.112707]]]}},{"type":"Feature","properties":{"height":3},"geometry":{"type":"Polygon","coordinates":[[[140.102156,36.111259],[140.102168,36.111241],[140.102367,36.111325],[140.102355,36.111344],[140.102156,36.111259]]]}},{"type":"Feature","properties":{"height":3},"geometry":{"type":"Polygon","coordinates":[[[140.101623,36.11473],[140.10167,36.114727],[140.101675,36.114782],[140.101628,36.114785],[140.101623,36.11473]]]}},{"type":"Feature","properties":{"height":3},"geometry":{"type":"Polygon","coordinates":[[[140.103141,36.114019],[140.103166,36.11398],[140.10319,36.11399],[140.103165,36.114029],[140.103141,36.114019]]]}},{"type":"Feature","properties":{"height":3},"geometry":{"type":"Polygon","coordinates":[[[140.102695,36.10863],[140.10272,36.108592],[140.102744,36.108602],[140.102719,36.10864],[140.102695,36.10863]]]}},{"type":"Feature","properties":{"height":3.6},"geometry":{"type":"Polygon","coordinates":[[[140.100444,36.112794],[140.100483,36.112733],[140.100718,36.112833],[140.100679,36.112893],[140.100444,36.112794]]]}},{"type":"Feature","properties":{"height":32.3},"geometry":{"type":"Polygon","coordinates":[[[140.102599,36.111207],[140.102645,36.111136],[140.102625,36.111128],[140.102647,36.111094],[140.10267,36.111104],[140.102692,36.111069],[140.102743,36.111091],[140.102761,36.111062],[140.102709,36.11104],[140.102764,36.110956],[140.102993,36.111053],[140.102983,36.111068],[140.1031,36.111118],[140.103109,36.111104],[140.103337,36.111201],[140.103284,36.111284],[140.103234,36.111263],[140.103216,36.111291],[140.103265,36.111312],[140.103237,36.111355],[140.103253,36.111362],[140.103217,36.111417],[140.103202,36.11141],[140.103175,36.111452],[140.102599,36.111207]],[[140.102817,36.111134],[140.103127,36.111268],[140.103136,36.111255],[140.103071,36.111227],[140.103089,36.1112],[140.103026,36.111173],[140.103016,36.111188],[140.102959,36.111164],[140.102969,36.111149],[140.102907,36.111122],[140.102889,36.111148],[140.102826,36.111121],[140.102817,36.111134]]]}},{"type":"Feature","properties":{"height":11.8},"geometry":{"type":"Polygon","coordinates":[[[140.10002,36.110395],[140.100135,36.110217],[140.100257,36.110269],[140.100224,36.110322],[140.100146,36.110288],[140.100063,36.110413],[140.10002,36.110395]]]}},{"type":"Feature","properties":{"height":3},"geometry":{"type":"Polygon","coordinates":[[[140.102052,36.112336],[140.102065,36.112315],[140.102113,36.112334],[140.1021,36.112355],[140.102052,36.112336]]]}},{"type":"Feature","properties":{"height":3},"geometry":{"type":"Polygon","coordinates":[[[140.102192,36.112793],[140.102205,36.112773],[140.102227,36.112782],[140.102214,36.112802],[140.102192,36.112793]]]}},{"type":"Feature","properties":{"height":3},"geometry":{"type":"Polygon","coordinates":[[[140.10082,36.109151],[140.100848,36.109104],[140.100896,36.109122],[140.100868,36.10917],[140.10082,36.109151]]]}},{"type":"Feature","properties":{"height":13.1},"geometry":{"type":"Polygon","coordinates":[[[140.100426,36.113765],[140.10054,36.113757],[140.100542,36.113787],[140.100562,36.113787],[140.100572,36.113769],[140.10062,36.113787],[140.100615,36.113795],[140.100635,36.113802],[140.100639,36.113794],[140.100689,36.113812],[140.10068,36.113829],[140.100698,36.11385],[140.100767,36.113846],[140.100799,36.114117],[140.100685,36.114126],[140.100686,36.114137],[140.100547,36.114147],[140.100545,36.114138],[140.100465,36.114144],[140.100426,36.113765]]]}},{"type":"Feature","properties":{"height":3},"geometry":{"type":"Polygon","coordinates":[[[140.102123,36.108731],[140.102135,36.108712],[140.102282,36.108773],[140.10227,36.108792],[140.102123,36.108731]]]}},{"type":"Feature","properties":{"height":31},"geometry":{"type":"Polygon","coordinates":[[[140.101915,36.109063],[140.101956,36.109],[140.102069,36.109048],[140.102107,36.10899],[140.102514,36.109164],[140.102436,36.109284],[140.102292,36.109223],[140.102203,36.109359],[140.102447,36.109463],[140.102453,36.109454],[140.102493,36.109471],[140.102487,36.10948],[140.102665,36.109556],[140.102639,36.109597],[140.102725,36.109634],[140.102763,36.109575],[140.102907,36.109637],[140.102983,36.10952],[140.102903,36.109486],[140.102982,36.109364],[140.103213,36.109462],[140.103138,36.109579],[140.10316,36.109589],[140.103076,36.109718],[140.103055,36.109709],[140.103018,36.109765],[140.102948,36.109735],[140.102911,36.109792],[140.102685,36.109696],[140.102711,36.109656],[140.102662,36.109635],[140.102624,36.109693],[140.102292,36.109551],[140.102282,36.109567],[140.102207,36.109535],[140.102217,36.109519],[140.10207,36.109457],[140.102121,36.109378],[140.102021,36.109335],[140.102136,36.109157],[140.101915,36.109063]]]}},{"type":"Feature","properties":{"height":3},"geometry":{"type":"Polygon","coordinates":[[[140.102615,36.109314],[140.102629,36.109293],[140.102645,36.1093],[140.102631,36.109321],[140.102615,36.109314]]]}},{"type":"Feature","properties":{"height":5.3},"geometry":{"type":"Polygon","coordinates":[[[140.100906,36.110035],[140.100942,36.109982],[140.100968,36.109993],[140.100933,36.110045],[140.100906,36.110035]]]}},{"type":"Feature","properties":{"height":4.4},"geometry":{"type":"Polygon","coordinates":[[[140.100202,36.11652],[140.100548,36.116518],[140.100549,36.116622],[140.100413,36.116623],[140.100413,36.116619],[140.100203,36.11662],[140.100202,36.11652]]]}},{"type":"Feature","properties":{"height":3},"geometry":{"type":"Polygon","coordinates":[[[140.102904,36.111936],[140.102992,36.111797],[140.10301,36.111805],[140.102922,36.111943],[140.102904,36.111936]]]}},{"type":"Feature","properties":{"height":3.3},"geometry":{"type":"Polygon","coordinates":[[[140.101263,36.114739],[140.101313,36.114736],[140.101315,36.114757],[140.101266,36.11476],[140.101263,36.114739]]]}},{"type":"Feature","properties":{"height":3},"geometry":{"type":"Polygon","coordinates":[[[140.09996,36.110991],[140.100126,36.110733],[140.10015,36.110743],[140.09996,36.110991]]]}},{"type":"Feature","properties":{"height":3},"geometry":{"type":"Polygon","coordinates":[[[140.101643,36.112847],[140.101657,36.112825],[140.101705,36.112845],[140.101691,36.112868],[140.101643,36.112847]]]}},{"type":"Feature","properties":{"height":21.5},"geometry":{"type":"MultiPolygon","coordinates":[[[[140.100704,36.108888],[140.10082,36.108708],[140.100837,36.108716],[140.100904,36.108612],[140.101126,36.108706],[140.100995,36.10891],[140.101026,36.108923],[140.101024,36.108927],[140.101025,36.108959],[140.101031,36.108961],[140.101032,36.108971],[140.101043,36.108976],[140.101012,36.109025],[140.100718,36.1089],[140.100721,36.108895],[140.100704,36.108888]]],[[[140.101833,36.109226],[140.101847,36.109206],[140.101856,36.109211],[140.101913,36.10923],[140.101917,36.109235],[140.101919,36.109243],[140.101918,36.109251],[140.101914,36.109257],[140.101906,36.109262],[140.10189,36.109263],[140.101854,36.109247],[140.101838,36.109229],[140.101833,36.109226]]]]}},{"type":"Feature","properties":{"height":3},"geometry":{"type":"Polygon","coordinates":[[[140.103548,36.1118],[140.103559,36.111783],[140.103772,36.111875],[140.103761,36.111891],[140.103548,36.1118]]]}},{"type":"Feature","properties":{"height":10.4},"geometry":{"type":"Polygon","coordinates":[[[140.100465,36.112541],[140.100492,36.112499],[140.10047,36.11249],[140.100504,36.11244],[140.100522,36.112449],[140.10055,36.112408],[140.101144,36.112658],[140.10111,36.112712],[140.101139,36.112724],[140.101103,36.112781],[140.101129,36.112792],[140.101022,36.11296],[140.100998,36.11295],[140.100982,36.112974],[140.100885,36.112933],[140.100898,36.112912],[140.100827,36.112882],[140.100922,36.112734],[140.100465,36.112541]]]}},{"type":"Feature","properties":{"height":3},"geometry":{"type":"Polygon","coordinates":[[[140.102265,36.111266],[140.102278,36.111245],[140.102389,36.111292],[140.102376,36.111313],[140.102265,36.111266]]]}},{"type":"Feature","properties":{"height":3},"geometry":{"type":"Polygon","coordinates":[[[140.102789,36.112211],[140.102795,36.1122],[140.102807,36.112204],[140.102801,36.112215],[140.102789,36.112211]]]}},{"type":"Feature","properties":{"height":3},"geometry":{"type":"Polygon","coordinates":[[[140.103278,36.113809],[140.103302,36.11377],[140.103326,36.11378],[140.103302,36.113819],[140.103278,36.113809]]]}},{"type":"Feature","properties":{"height":7.5},"geometry":{"type":"Polygon","coordinates":[[[140.103102,36.109876],[140.103292,36.10958],[140.103436,36.109642],[140.103245,36.109937],[140.103102,36.109876]]]}},{"type":"Feature","properties":{"height":3},"geometry":{"type":"Polygon","coordinates":[[[140.101275,36.112038],[140.101287,36.11202],[140.101298,36.112025],[140.101293,36.112033],[140.101436,36.112095],[140.101423,36.112114],[140.101283,36.112053],[140.101289,36.112044],[140.101275,36.112038]]]}},{"type":"Feature","properties":{"height":3},"geometry":{"type":"Polygon","coordinates":[[[140.100984,36.113604],[140.101041,36.113601],[140.101042,36.113613],[140.100985,36.113616],[140.100984,36.113604]]]}},{"type":"Feature","properties":{"height":3.2},"geometry":{"type":"Polygon","coordinates":[[[140.101472,36.108395],[140.101494,36.108364],[140.101607,36.108414],[140.101586,36.108446],[140.101472,36.108395]]]}},{"type":"Feature","properties":{"height":7.7},"geometry":{"type":"Polygon","coordinates":[[[140.101394,36.114073],[140.10143,36.11407],[140.101442,36.114183],[140.101406,36.114185],[140.101394,36.114073]]]}},{"type":"Feature","properties":{"height":3},"geometry":{"type":"Polygon","coordinates":[[[140.101485,36.113288],[140.1015,36.113285],[140.101503,36.113298],[140.101488,36.1133],[140.101485,36.113288]]]}},{"type":"Feature","properties":{"height":3.6},"geometry":{"type":"Polygon","coordinates":[[[140.101471,36.113159],[140.10151,36.113098],[140.101668,36.113163],[140.101629,36.113224],[140.101471,36.113159]]]}},{"type":"Feature","properties":{"height":3},"geometry":{"type":"Polygon","coordinates":[[[140.100574,36.112411],[140.100583,36.112395],[140.100634,36.112416],[140.100624,36.112432],[140.100574,36.112411]]]}},{"type":"Feature","properties":{"height":7.5},"geometry":{"type":"Polygon","coordinates":[[[140.102945,36.111953],[140.103032,36.111814],[140.103053,36.111822],[140.102966,36.111962],[140.102945,36.111953]]]}},{"type":"Feature","properties":{"height":9.6},"geometry":{"type":"Polygon","coordinates":[[[140.103547,36.108951],[140.103568,36.108916],[140.103715,36.108975],[140.103693,36.10901],[140.103547,36.108951]]]}},{"type":"Feature","properties":{"height":3.1},"geometry":{"type":"Polygon","coordinates":[[[140.103664,36.111597],[140.103701,36.111539],[140.103775,36.11157],[140.103791,36.111545],[140.104006,36.111635],[140.103952,36.111719],[140.103664,36.111597]]]}},{"type":"Feature","properties":{"height":4.1},"geometry":{"type":"Polygon","coordinates":[[[140.103406,36.111925],[140.103497,36.111786],[140.103794,36.111912],[140.103703,36.112052],[140.103406,36.111925]]]}},{"type":"Feature","properties":{"height":3},"geometry":{"type":"Polygon","coordinates":[[[140.100306,36.11274],[140.100314,36.112728],[140.10033,36.112734],[140.100323,36.112747],[140.100306,36.11274]]]}},{"type":"Feature","properties":{"height":3},"geometry":{"type":"Polygon","coordinates":[[[140.103443,36.111336],[140.103498,36.111251],[140.103512,36.111257],[140.103456,36.111342],[140.103443,36.111336]]]}},{"type":"Feature","properties":{"height":3},"geometry":{"type":"Polygon","coordinates":[[[140.102067,36.11208],[140.102187,36.111898],[140.102209,36.111907],[140.102089,36.112089],[140.102067,36.11208]]]}},{"type":"Feature","properties":{"height":7.4},"geometry":{"type":"Polygon","coordinates":[[[140.103765,36.111369],[140.103794,36.111323],[140.103827,36.111337],[140.103797,36.111383],[140.103765,36.111369]]]}},{"type":"Feature","properties":{"height":19.6},"geometry":{"type":"Polygon","coordinates":[[[140.101691,36.112094],[140.101727,36.112038],[140.101752,36.112049],[140.101716,36.112105],[140.101691,36.112094]]]}},{"type":"Feature","properties":{"height":3},"geometry":{"type":"Polygon","coordinates":[[[140.101632,36.110886],[140.101643,36.110869],[140.101702,36.110892],[140.10169,36.110911],[140.101632,36.110886]]]}},{"type":"Feature","properties":{"height":12.4},"geometry":{"type":"Polygon","coordinates":[[[140.102678,36.109392],[140.102772,36.109245],[140.102962,36.109325],[140.102922,36.109389],[140.102946,36.109398],[140.102913,36.109449],[140.102889,36.109438],[140.102867,36.109471],[140.102678,36.109392]]]}},{"type":"Feature","properties":{"height":3.6},"geometry":{"type":"Polygon","coordinates":[[[140.10087,36.109255],[140.100899,36.109206],[140.100919,36.109214],[140.100889,36.109262],[140.10087,36.109255]]]}},{"type":"Feature","properties":{"height":3},"geometry":{"type":"Polygon","coordinates":[[[140.100351,36.112758],[140.100358,36.112746],[140.100377,36.112754],[140.10037,36.112766],[140.100351,36.112758]]]}},{"type":"Feature","properties":{"height":3},"geometry":{"type":"Polygon","coordinates":[[[140.101961,36.113079],[140.101973,36.113071],[140.101982,36.113079],[140.10197,36.113088],[140.101961,36.113079]]]}},{"type":"Feature","properties":{"height":12.6},"geometry":{"type":"Polygon","coordinates":[[[140.101238,36.114087],[140.101377,36.114075],[140.101379,36.11409],[140.10124,36.114102],[140.101238,36.114087]]]}},{"type":"Feature","properties":{"height":16},"geometry":{"type":"Polygon","coordinates":[[[140.100551,36.110311],[140.100565,36.11029],[140.10064,36.110322],[140.100632,36.110335],[140.100633,36.110335],[140.100628,36.110344],[140.100551,36.110311]]]}},{"type":"Feature","properties":{"height":3},"geometry":{"type":"Polygon","coordinates":[[[140.100097,36.10956],[140.100103,36.10955],[140.100162,36.109575],[140.100156,36.109585],[140.100097,36.10956]]]}},{"type":"Feature","properties":{"height":16.8},"geometry":{"type":"Polygon","coordinates":[[[140.103715,36.111513],[140.103874,36.111263],[140.10418,36.111392],[140.10402,36.111641],[140.103715,36.111513]]]}},{"type":"Feature","properties":{"height":3.6},"geometry":{"type":"Polygon","coordinates":[[[140.100304,36.112379],[140.100375,36.112266],[140.100525,36.112327],[140.100455,36.112441],[140.100304,36.112379]]]}},{"type":"Feature","properties":{"height":11.5},"geometry":{"type":"Polygon","coordinates":[[[140.103211,36.108779],[140.103292,36.108653],[140.10344,36.108716],[140.103478,36.108657],[140.103788,36.108788],[140.103748,36.10885],[140.103778,36.108863],[140.103738,36.108924],[140.103479,36.108815],[140.10344,36.108876],[140.103211,36.108779]]]}},{"type":"Feature","properties":{"height":4},"geometry":{"type":"Polygon","coordinates":[[[140.101289,36.113281],[140.101337,36.113205],[140.101429,36.113243],[140.101381,36.113319],[140.101289,36.113281]]]}},{"type":"Feature","properties":{"height":3},"geometry":{"type":"Polygon","coordinates":[[[140.100687,36.113368],[140.100698,36.113352],[140.100748,36.113373],[140.100737,36.113389],[140.100687,36.113368]]]}},{"type":"Feature","properties":{"height":3},"geometry":{"type":"Polygon","coordinates":[[[140.101602,36.11056],[140.101726,36.110368],[140.101773,36.110387],[140.101649,36.11058],[140.101602,36.11056]]]}},{"type":"Feature","properties":{"height":3.1},"geometry":{"type":"Polygon","coordinates":[[[140.101024,36.11204],[140.101031,36.112029],[140.101034,36.11203],[140.10104,36.11202],[140.10105,36.112024],[140.10109,36.111963],[140.101124,36.111977],[140.10107,36.11206],[140.101024,36.11204]]]}},{"type":"Feature","properties":{"height":4.7},"geometry":{"type":"Polygon","coordinates":[[[140.102387,36.111686],[140.102444,36.111598],[140.102414,36.111586],[140.102447,36.111534],[140.102478,36.111547],[140.102533,36.111461],[140.102594,36.111486],[140.102448,36.111712],[140.102387,36.111686]]]}},{"type":"Feature","properties":{"height":3},"geometry":{"type":"Polygon","coordinates":[[[140.10371,36.109379],[140.103769,36.109378],[140.10377,36.109412],[140.10374,36.109412],[140.10374,36.109423],[140.103715,36.109424],[140.103715,36.109412],[140.103711,36.109412],[140.10371,36.109379]]]}},{"type":"Feature","properties":{"height":3},"geometry":{"type":"Polygon","coordinates":[[[140.100543,36.112654],[140.10057,36.112612],[140.100654,36.112647],[140.100626,36.112689],[140.100543,36.112654]]]}},{"type":"Feature","properties":{"height":3},"geometry":{"type":"Polygon","coordinates":[[[140.102266,36.112412],[140.102295,36.112367],[140.102318,36.112378],[140.10229,36.112422],[140.102266,36.112412]]]}},{"type":"Feature","properties":{"height":13.1},"geometry":{"type":"Polygon","coordinates":[[[140.102289,36.112354],[140.102405,36.112174],[140.102594,36.112255],[140.102479,36.112435],[140.102289,36.112354]]]}},{"type":"Feature","properties":{"height":5.2},"geometry":{"type":"Polygon","coordinates":[[[140.100034,36.110672],[140.100095,36.110578],[140.100169,36.11061],[140.100136,36.110662],[140.100276,36.110721],[140.100411,36.110513],[140.100416,36.110515],[140.100358,36.110614],[140.100353,36.110612],[140.100317,36.110668],[140.100325,36.110671],[140.100286,36.110741],[140.100297,36.110745],[140.100292,36.110753],[140.100494,36.11084],[140.100456,36.110899],[140.100423,36.110886],[140.100443,36.110855],[140.100383,36.110829],[140.100362,36.110861],[140.100237,36.110812],[140.100248,36.110794],[140.100242,36.110776],[140.100101,36.110716],[140.100109,36.110704],[140.100091,36.110697],[140.100101,36.110682],[140.100067,36.110668],[140.100058,36.110682],[140.100034,36.110672]]]}},{"type":"Feature","properties":{"height":16.6},"geometry":{"type":"Polygon","coordinates":[[[140.100217,36.1121],[140.100355,36.111885],[140.100401,36.111904],[140.100414,36.111885],[140.100484,36.111915],[140.10047,36.111937],[140.100502,36.11195],[140.100366,36.112163],[140.100217,36.1121]]]}},{"type":"Feature","properties":{"height":3},"geometry":{"type":"Polygon","coordinates":[[[140.102703,36.112324],[140.10271,36.112314],[140.10272,36.112319],[140.102714,36.112329],[140.102703,36.112324]]]}},{"type":"Feature","properties":{"height":10.1},"geometry":{"type":"Polygon","coordinates":[[[140.102437,36.111728],[140.102604,36.111471],[140.10272,36.11152],[140.102729,36.111506],[140.102775,36.111526],[140.102766,36.11154],[140.102836,36.111569],[140.102844,36.111556],[140.102892,36.111576],[140.102883,36.11159],[140.102999,36.111639],[140.102832,36.111897],[140.102717,36.111848],[140.102708,36.111862],[140.102661,36.111843],[140.102671,36.111827],[140.102603,36.111798],[140.102593,36.111813],[140.102554,36.111796],[140.102563,36.111782],[140.102437,36.111728]]]}},{"type":"Feature","properties":{"height":3.9},"geometry":{"type":"Polygon","coordinates":[[[140.101134,36.116379],[140.101382,36.116379],[140.101382,36.116346],[140.101574,36.116345],[140.101575,36.116488],[140.101543,36.116488],[140.101543,36.11647],[140.101134,36.11647],[140.101134,36.116379]]]}},{"type":"Feature","properties":{"height":3},"geometry":{"type":"Polygon","coordinates":[[[140.10317,36.113977],[140.103194,36.113938],[140.103217,36.113948],[140.103192,36.113986],[140.10317,36.113977]]]}},{"type":"Feature","properties":{"height":3},"geometry":{"type":"Polygon","coordinates":[[[140.100422,36.112582],[140.100433,36.112565],[140.100457,36.112575],[140.100445,36.112592],[140.100422,36.112582]]]}},{"type":"Feature","properties":{"height":3},"geometry":{"type":"Polygon","coordinates":[[[140.100455,36.112598],[140.100469,36.112577],[140.100486,36.112584],[140.100483,36.112588],[140.100509,36.112599],[140.1005,36.112613],[140.100475,36.112602],[140.100473,36.112605],[140.100455,36.112598]]]}},{"type":"Feature","properties":{"height":3},"geometry":{"type":"Polygon","coordinates":[[[140.101564,36.110544],[140.101687,36.110351],[140.101712,36.110361],[140.101588,36.110554],[140.101564,36.110544]]]}},{"type":"Feature","properties":{"height":8.9},"geometry":{"type":"Polygon","coordinates":[[[140.100977,36.113276],[140.101034,36.113185],[140.101194,36.113252],[140.101137,36.113342],[140.100977,36.113276]]]}},{"type":"Feature","properties":{"height":3.6},"geometry":{"type":"Polygon","coordinates":[[[140.100897,36.113355],[140.100943,36.113285],[140.101101,36.113352],[140.101055,36.113423],[140.100897,36.113355]]]}},{"type":"Feature","properties":{"height":5.2},"geometry":{"type":"Polygon","coordinates":[[[140.101673,36.108258],[140.101709,36.108202],[140.101708,36.108187],[140.10171,36.108184],[140.101708,36.108183],[140.101703,36.108109],[140.10175,36.108027],[140.101842,36.108062],[140.101757,36.108194],[140.102056,36.108322],[140.10214,36.108194],[140.102171,36.108167],[140.102141,36.108078],[140.102242,36.108058],[140.102269,36.108138],[140.102293,36.108132],[140.102317,36.108202],[140.102541,36.108293],[140.102545,36.108286],[140.102796,36.108409],[140.102856,36.108434],[140.102851,36.108442],[140.102853,36.108443],[140.102845,36.108455],[140.102898,36.108478],[140.102895,36.108482],[140.102972,36.108515],[140.102961,36.108532],[140.102885,36.108499],[140.102881,36.108505],[140.10283,36.108483],[140.102822,36.108495],[140.102573,36.108388],[140.102554,36.108417],[140.102706,36.108483],[140.102671,36.108539],[140.102664,36.108536],[140.102669,36.108528],[140.102535,36.108472],[140.102535,36.108473],[140.10252,36.108467],[140.102514,36.108476],[140.102504,36.108472],[140.102468,36.108528],[140.102463,36.108527],[140.102467,36.10852],[140.102466,36.10852],[140.102474,36.108508],[140.102462,36.108503],[140.102467,36.108495],[140.102422,36.108476],[140.102426,36.108469],[140.102415,36.108464],[140.10242,36.108456],[140.102361,36.108431],[140.10236,36.108432],[140.102345,36.108426],[140.102339,36.108435],[140.102329,36.108431],[140.102292,36.108491],[140.102293,36.108491],[140.102285,36.108504],[140.102297,36.108508],[140.102292,36.108516],[140.102334,36.108534],[140.10233,36.108539],[140.102233,36.108499],[140.102233,36.1085],[140.102218,36.108494],[140.102212,36.108503],[140.10218,36.108489],[140.10187,36.108967],[140.101956,36.109],[140.101882,36.109115],[140.101697,36.109044],[140.10177,36.10892],[140.101761,36.108916],[140.101763,36.108914],[140.101805,36.108932],[140.102089,36.10849],[140.102064,36.108479],[140.102067,36.108473],[140.102061,36.10846],[140.102036,36.10845],[140.101991,36.108411],[140.101997,36.108402],[140.101985,36.108397],[140.10199,36.108389],[140.101968,36.10838],[140.101978,36.108361],[140.101967,36.108357],[140.101972,36.108348],[140.101868,36.108309],[140.101862,36.108318],[140.101852,36.108314],[140.101844,36.108327],[140.101673,36.108258]],[[140.102131,36.108349],[140.1022,36.108379],[140.102272,36.108271],[140.102203,36.108241],[140.102131,36.108349]],[[140.102335,36.108359],[140.102424,36.108398],[140.10246,36.108343],[140.102372,36.108304],[140.102335,36.108359]]]}},{"type":"Feature","properties":{"height":3},"geometry":{"type":"Polygon","coordinates":[[[140.102176,36.111229],[140.102188,36.111209],[140.102265,36.11124],[140.102253,36.11126],[140.102176,36.111229]]]}},{"type":"Feature","properties":{"height":3},"geometry":{"type":"Polygon","coordinates":[[[140.099979,36.108535],[140.09999,36.108517],[140.100039,36.108538],[140.100027,36.108556],[140.099979,36.108535]]]}},{"type":"Feature","properties":{"height":13.2},"geometry":{"type":"Polygon","coordinates":[[[140.101143,36.113728],[140.101373,36.113711],[140.101378,36.113758],[140.101433,36.113754],[140.101468,36.114067],[140.101184,36.114092],[140.101143,36.113728]]]}},{"type":"Feature","properties":{"height":4.9},"geometry":{"type":"Polygon","coordinates":[[[140.101005,36.114276],[140.101158,36.114264],[140.101193,36.114545],[140.10104,36.114558],[140.101005,36.114276]]]}},{"type":"Feature","properties":{"height":8.7},"geometry":{"type":"Polygon","coordinates":[[[140.100934,36.114759],[140.10095,36.114758],[140.100941,36.114668],[140.101158,36.114654],[140.101161,36.114678],[140.101177,36.114677],[140.101184,36.114742],[140.101263,36.114737],[140.10127,36.114805],[140.100958,36.114826],[140.100955,36.114789],[140.100937,36.11479],[140.100934,36.114759]]]}},{"type":"Feature","properties":{"height":3},"geometry":{"type":"Polygon","coordinates":[[[140.101406,36.112836],[140.101425,36.112805],[140.101497,36.112834],[140.101478,36.112865],[140.101406,36.112836]]]}},{"type":"Feature","properties":{"height":3.6},"geometry":{"type":"Polygon","coordinates":[[[140.101317,36.112949],[140.101355,36.112889],[140.101721,36.113044],[140.101682,36.113104],[140.101317,36.112949]]]}},{"type":"Feature","properties":{"height":3.1},"geometry":{"type":"Polygon","coordinates":[[[140.103698,36.112381],[140.103735,36.112324],[140.104102,36.112479],[140.104065,36.112536],[140.103698,36.112381]]]}},{"type":"Feature","properties":{"height":20.3},"geometry":{"type":"Polygon","coordinates":[[[140.101285,36.112004],[140.101311,36.111963],[140.101318,36.111966],[140.101336,36.111939],[140.101351,36.111945],[140.10143,36.111826],[140.101606,36.111901],[140.101566,36.111962],[140.101618,36.111984],[140.101578,36.112046],[140.101726,36.112109],[140.10167,36.112195],[140.101293,36.112033],[140.101306,36.112013],[140.101285,36.112004]]]}},{"type":"Feature","properties":{"height":3.5},"geometry":{"type":"Polygon","coordinates":[[[140.101244,36.113062],[140.101283,36.113001],[140.101493,36.11309],[140.101454,36.113151],[140.101244,36.113062]]]}},{"type":"Feature","properties":{"height":20.1},"geometry":{"type":"Polygon","coordinates":[[[140.100092,36.109545],[140.100181,36.109406],[140.100537,36.109558],[140.100499,36.109617],[140.100532,36.109631],[140.100535,36.109626],[140.100544,36.109629],[140.10054,36.109636],[140.100959,36.109814],[140.10092,36.109874],[140.100949,36.109886],[140.101092,36.109665],[140.101037,36.109642],[140.101025,36.10966],[140.100877,36.109597],[140.100889,36.109578],[140.100855,36.109564],[140.100893,36.109506],[140.100927,36.10952],[140.100967,36.109458],[140.101189,36.109553],[140.101152,36.109611],[140.101225,36.109642],[140.101005,36.109983],[140.100913,36.109943],[140.100937,36.109905],[140.100908,36.109893],[140.100867,36.109955],[140.10044,36.109773],[140.10048,36.109711],[140.100092,36.109545]]]}},{"type":"Feature","properties":{"height":3},"geometry":{"type":"Polygon","coordinates":[[[140.100903,36.114208],[140.100931,36.114206],[140.100937,36.114265],[140.100909,36.114267],[140.100903,36.114208]]]}},{"type":"Feature","properties":{"height":3},"geometry":{"type":"Polygon","coordinates":[[[140.10087,36.109951],[140.100884,36.10993],[140.101005,36.109983],[140.100992,36.110004],[140.10087,36.109951]]]}},{"type":"Feature","properties":{"height":3},"geometry":{"type":"Polygon","coordinates":[[[140.103251,36.11385],[140.103275,36.113813],[140.103298,36.113823],[140.103275,36.11386],[140.103251,36.11385]]]}},{"type":"Feature","properties":{"height":8},"geometry":{"type":"Polygon","coordinates":[[[140.101362,36.114175],[140.101391,36.114173],[140.101392,36.114186],[140.101363,36.114188],[140.101362,36.114175]]]}},{"type":"Feature","properties":{"height":3},"geometry":{"type":"Polygon","coordinates":[[[140.100104,36.108987],[140.100111,36.108977],[140.100127,36.108984],[140.100121,36.108994],[140.100104,36.108987]]]}},{"type":"Feature","properties":{"height":3},"geometry":{"type":"Polygon","coordinates":[[[140.102263,36.112865],[140.102276,36.112849],[140.102287,36.112855],[140.102302,36.112836],[140.102326,36.112849],[140.102296,36.112887],[140.10227,36.112874],[140.102273,36.11287],[140.102263,36.112865]]]}},{"type":"Feature","properties":{"height":3.6},"geometry":{"type":"Polygon","coordinates":[[[140.103009,36.111079],[140.103028,36.111048],[140.103097,36.111078],[140.103077,36.111108],[140.103009,36.111079]]]}},{"type":"Feature","properties":{"height":3},"geometry":{"type":"Polygon","coordinates":[[[140.100547,36.113044],[140.100572,36.113004],[140.100594,36.113012],[140.100568,36.113052],[140.100547,36.113044]]]}},{"type":"Feature","properties":{"height":3},"geometry":{"type":"Polygon","coordinates":[[[140.100177,36.108974],[140.10019,36.108955],[140.100212,36.108965],[140.100214,36.108962],[140.100233,36.108971],[140.100231,36.108973],[140.100243,36.108978],[140.100231,36.108998],[140.100177,36.108974]]]}},{"type":"Feature","properties":{"height":3.4},"geometry":{"type":"Polygon","coordinates":[[[140.100903,36.112471],[140.100943,36.11241],[140.101074,36.112466],[140.101035,36.112527],[140.100903,36.112471]]]}},{"type":"Feature","properties":{"height":3},"geometry":{"type":"Polygon","coordinates":[[[140.102549,36.108857],[140.102608,36.108767],[140.102628,36.108775],[140.10257,36.108867],[140.102549,36.108857]]]}},{"type":"Feature","properties":{"height":11},"geometry":{"type":"Polygon","coordinates":[[[140.101286,36.111952],[140.101295,36.111939],[140.101293,36.111938],[140.1013,36.111928],[140.101334,36.111942],[140.101318,36.111965],[140.101286,36.111952]]]}},{"type":"Feature","properties":{"height":5.2},"geometry":{"type":"Polygon","coordinates":[[[140.101244,36.111382],[140.101255,36.111365],[140.101331,36.111397],[140.101331,36.111396],[140.101347,36.111402],[140.101352,36.111393],[140.101362,36.111397],[140.101366,36.11139],[140.101451,36.111426],[140.101455,36.111421],[140.10168,36.111517],[140.101674,36.111526],[140.101703,36.111538],[140.101709,36.111529],[140.101728,36.111537],[140.101772,36.111532],[140.101795,36.111495],[140.101826,36.111508],[140.10181,36.111533],[140.101813,36.111548],[140.101852,36.111542],[140.101863,36.111596],[140.101778,36.111746],[140.101763,36.11174],[140.101748,36.111763],[140.101603,36.111701],[140.101539,36.111799],[140.101359,36.111721],[140.101305,36.111803],[140.101274,36.111734],[140.101295,36.111743],[140.10132,36.111702],[140.101281,36.111687],[140.101357,36.111564],[140.101346,36.11156],[140.101364,36.111533],[140.101378,36.111538],[140.101411,36.111485],[140.101398,36.11148],[140.101402,36.111475],[140.1014,36.111475],[140.101408,36.111462],[140.101396,36.111457],[140.101402,36.11145],[140.101244,36.111382]]]}},{"type":"Feature","properties":{"height":3},"geometry":{"type":"Polygon","coordinates":[[[140.101666,36.110587],[140.101789,36.110394],[140.101831,36.110412],[140.101708,36.110605],[140.101666,36.110587]]]}},{"type":"Feature","properties":{"height":7.6},"geometry":{"type":"Polygon","coordinates":[[[140.101914,36.111663],[140.102013,36.111511],[140.10204,36.111523],[140.101942,36.111674],[140.101914,36.111663]]]}},{"type":"Feature","properties":{"height":8.6},"geometry":{"type":"Polygon","coordinates":[[[140.10241,36.109905],[140.102419,36.109891],[140.102424,36.109893],[140.102426,36.109889],[140.102548,36.109996],[140.102612,36.110022],[140.102602,36.110038],[140.102527,36.110007],[140.10241,36.109905]]]}},{"type":"Feature","properties":{"height":8},"geometry":{"type":"Polygon","coordinates":[[[140.102191,36.110612],[140.102245,36.110528],[140.102283,36.110545],[140.102229,36.110629],[140.102191,36.110612]]]}},{"type":"Feature","properties":{"height":3},"geometry":{"type":"Polygon","coordinates":[[[140.100327,36.114506],[140.100431,36.114499],[140.100436,36.114546],[140.100333,36.114554],[140.100327,36.114506]]]}},{"type":"Feature","properties":{"height":3},"geometry":{"type":"Polygon","coordinates":[[[140.103196,36.113934],[140.103224,36.113895],[140.103245,36.113905],[140.103218,36.113944],[140.103196,36.113934]]]}},{"type":"Feature","properties":{"height":5.5},"geometry":{"type":"Polygon","coordinates":[[[140.100241,36.108992],[140.10027,36.108948],[140.100288,36.108955],[140.100294,36.108946],[140.100418,36.109],[140.100412,36.109009],[140.10042,36.109013],[140.100424,36.109007],[140.100436,36.109012],[140.100432,36.109018],[140.100436,36.10902],[140.100406,36.109064],[140.100241,36.108992]]]}},{"type":"Feature","properties":{"height":3.6},"geometry":{"type":"Polygon","coordinates":[[[140.101443,36.11647],[140.101484,36.11647],[140.101484,36.116483],[140.101443,36.116483],[140.101443,36.11647]]]}},{"type":"Feature","properties":{"height":3},"geometry":{"type":"Polygon","coordinates":[[[140.100464,36.115801],[140.100501,36.115789],[140.100516,36.115818],[140.100478,36.11583],[140.100464,36.115801]]]}},{"type":"Feature","properties":{"height":4.2},"geometry":{"type":"Polygon","coordinates":[[[140.101261,36.114259],[140.101282,36.114258],[140.101341,36.114801],[140.10132,36.114802],[140.101261,36.114259]]]}},{"type":"Feature","properties":{"height":4.8},"geometry":{"type":"Polygon","coordinates":[[[140.10097,36.113764],[140.10098,36.113763],[140.100979,36.113755],[140.101095,36.113747],[140.101099,36.113782],[140.101149,36.113778],[140.101183,36.11409],[140.101017,36.114102],[140.101001,36.113955],[140.10099,36.113956],[140.100987,36.113929],[140.100999,36.113928],[140.100986,36.113816],[140.100976,36.113816],[140.10097,36.113764]]]}},{"type":"Feature","properties":{"height":3},"geometry":{"type":"Polygon","coordinates":[[[140.101724,36.110613],[140.101838,36.110431],[140.101862,36.110441],[140.101749,36.110623],[140.101724,36.110613]]]}},{"type":"Feature","properties":{"height":3},"geometry":{"type":"Polygon","coordinates":[[[140.101833,36.112667],[140.101842,36.112653],[140.101912,36.112683],[140.101904,36.112697],[140.101833,36.112667]]]}},{"type":"Feature","properties":{"height":16.8},"geometry":{"type":"Polygon","coordinates":[[[140.101799,36.110616],[140.101848,36.11054],[140.101864,36.110547],[140.101892,36.110504],[140.101904,36.110509],[140.101914,36.110495],[140.10215,36.110595],[140.102205,36.110511],[140.102132,36.11048],[140.10215,36.110453],[140.102136,36.110446],[140.102175,36.110386],[140.102189,36.110391],[140.10219,36.11039],[140.102615,36.110571],[140.102616,36.11057],[140.102919,36.110699],[140.102823,36.110846],[140.10271,36.110798],[140.102716,36.110789],[140.102726,36.110793],[140.102762,36.110736],[140.10235,36.110561],[140.102344,36.110571],[140.102226,36.11052],[140.102171,36.110604],[140.102235,36.110631],[140.102197,36.110689],[140.102326,36.110744],[140.102271,36.110829],[140.101821,36.110638],[140.101828,36.110628],[140.101799,36.110616]]]}},{"type":"Feature","properties":{"height":8.8},"geometry":{"type":"Polygon","coordinates":[[[140.103527,36.108985],[140.10354,36.108965],[140.103649,36.109008],[140.103637,36.109029],[140.103527,36.108985]]]}},{"type":"Feature","properties":{"height":32.2},"geometry":{"type":"Polygon","coordinates":[[[140.104036,36.111733],[140.1041,36.111626],[140.104048,36.111605],[140.104071,36.111569],[140.104122,36.111589],[140.104159,36.111529],[140.104251,36.111566],[140.104269,36.111535],[140.104343,36.111565],[140.104321,36.111601],[140.104402,36.111633],[140.104281,36.111834],[140.104113,36.111767],[140.104095,36.111798],[140.104066,36.111787],[140.104087,36.111753],[140.104036,36.111733]]]}},{"type":"Feature","properties":{"height":8.5},"geometry":{"type":"Polygon","coordinates":[[[140.101282,36.114258],[140.101348,36.114253],[140.101341,36.11419],[140.10161,36.114171],[140.101668,36.114711],[140.101538,36.114721],[140.101545,36.114786],[140.101341,36.114801],[140.101282,36.114258]]]}},{"type":"Feature","properties":{"height":17.3},"geometry":{"type":"Polygon","coordinates":[[[140.101403,36.111078],[140.101552,36.110835],[140.101556,36.110837],[140.10151,36.110909],[140.10153,36.110917],[140.101492,36.110976],[140.10151,36.110983],[140.10144,36.111093],[140.101403,36.111078]]]}},{"type":"Feature","properties":{"height":21.9},"geometry":{"type":"Polygon","coordinates":[[[140.101542,36.112524],[140.101569,36.112483],[140.101553,36.112476],[140.101567,36.112456],[140.101582,36.112463],[140.101621,36.112403],[140.101784,36.112473],[140.101792,36.11246],[140.102029,36.112562],[140.10202,36.112575],[140.102143,36.112628],[140.102064,36.112749],[140.101542,36.112524]]]}},{"type":"Feature","properties":{"height":3.4},"geometry":{"type":"Polygon","coordinates":[[[140.100428,36.113107],[140.100468,36.113045],[140.100599,36.113101],[140.100559,36.113163],[140.100428,36.113107]]]}},{"type":"Feature","properties":{"height":20.1},"geometry":{"type":"Polygon","coordinates":[[[140.101504,36.111858],[140.101537,36.111804],[140.101568,36.111817],[140.101534,36.111871],[140.101504,36.111858]]]}},{"type":"Feature","properties":{"height":19.9},"geometry":{"type":"Polygon","coordinates":[[[140.101779,36.110153],[140.102092,36.109668],[140.102466,36.109827],[140.102424,36.109893],[140.102419,36.109891],[140.102368,36.109888],[140.102339,36.109933],[140.102164,36.109859],[140.10201,36.110098],[140.102057,36.110118],[140.10207,36.110097],[140.102088,36.110105],[140.102116,36.11006],[140.102412,36.110186],[140.102527,36.110007],[140.102602,36.110038],[140.102617,36.110015],[140.102698,36.110049],[140.102528,36.110312],[140.102547,36.11032],[140.102499,36.110395],[140.102421,36.110362],[140.102427,36.110353],[140.102035,36.110186],[140.102063,36.110142],[140.101999,36.110115],[140.101977,36.110148],[140.10192,36.110124],[140.101884,36.110181],[140.101865,36.110173],[140.101857,36.110186],[140.101779,36.110153]]]}},{"type":"Feature","properties":{"height":8.1},"geometry":{"type":"Polygon","coordinates":[[[140.103819,36.112123],[140.103847,36.112079],[140.103889,36.112097],[140.103968,36.11197],[140.10433,36.11212],[140.104194,36.112337],[140.103825,36.112184],[140.103854,36.112137],[140.103819,36.112123]]]}},{"type":"Feature","properties":{"height":3},"geometry":{"type":"Polygon","coordinates":[[[140.103596,36.111726],[140.103609,36.111705],[140.103878,36.111819],[140.103864,36.11184],[140.103596,36.111726]]]}},{"type":"Feature","properties":{"height":4.9},"geometry":{"type":"Polygon","coordinates":[[[140.100422,36.10947],[140.100487,36.109369],[140.10064,36.109434],[140.100581,36.109525],[140.100728,36.109587],[140.100702,36.109628],[140.100776,36.109659],[140.100737,36.10972],[140.10054,36.109636],[140.100577,36.109579],[140.100569,36.109575],[140.100571,36.109572],[140.100515,36.109548],[140.100535,36.109518],[140.100422,36.10947]]]}},{"type":"Feature","properties":{"height":5.5},"geometry":{"type":"Polygon","coordinates":[[[140.100589,36.109134],[140.100615,36.109088],[140.100635,36.109096],[140.100641,36.109086],[140.100743,36.109125],[140.100738,36.109135],[140.100748,36.109139],[140.100752,36.109133],[140.100764,36.109138],[140.100734,36.10919],[140.100682,36.10917],[140.100679,36.109176],[140.100661,36.109169],[140.100665,36.109163],[140.100658,36.109161],[140.100656,36.109165],[140.100638,36.109158],[140.10064,36.109154],[140.100589,36.109134]]]}},{"type":"Feature","properties":{"height":3.7},"geometry":{"type":"Polygon","coordinates":[[[140.100241,36.112914],[140.100322,36.112786],[140.100395,36.112816],[140.100314,36.112945],[140.100241,36.112914]]]}},{"type":"Feature","properties":{"height":3},"geometry":{"type":"Polygon","coordinates":[[[140.101782,36.108768],[140.101787,36.10876],[140.101809,36.108769],[140.101804,36.108777],[140.101782,36.108768]]]}},{"type":"Feature","properties":{"height":4.6},"geometry":{"type":"Polygon","coordinates":[[[140.103876,36.111264],[140.103913,36.111206],[140.103987,36.111238],[140.103996,36.111224],[140.103912,36.111189],[140.103954,36.111123],[140.104089,36.11118],[140.104076,36.1112],[140.104253,36.111275],[140.104179,36.111391],[140.103876,36.111264]]]}},{"type":"Feature","properties":{"height":3.5},"geometry":{"type":"Polygon","coordinates":[[[140.101102,36.112548],[140.101139,36.112491],[140.101271,36.112547],[140.101234,36.112604],[140.101102,36.112548]]]}},{"type":"Feature","properties":{"height":3},"geometry":{"type":"Polygon","coordinates":[[[140.100724,36.114125],[140.100757,36.114122],[140.100759,36.114136],[140.100726,36.114139],[140.100724,36.114125]]]}},{"type":"Feature","properties":{"height":3},"geometry":{"type":"Polygon","coordinates":[[[140.1001,36.108968],[140.100111,36.108951],[140.100126,36.108958],[140.100115,36.108975],[140.1001,36.108968]]]}},{"type":"Feature","properties":{"height":3.6},"geometry":{"type":"Polygon","coordinates":[[[140.101891,36.112291],[140.101961,36.11218],[140.102047,36.112216],[140.101977,36.112327],[140.101891,36.112291]]]}},{"type":"Feature","properties":{"height":3},"geometry":{"type":"Polygon","coordinates":[[[140.102423,36.111759],[140.102439,36.111734],[140.102467,36.111746],[140.10245,36.111771],[140.102423,36.111759]]]}},{"type":"Feature","properties":{"height":3.3},"geometry":{"type":"Polygon","coordinates":[[[140.101162,36.116474],[140.101239,36.116473],[140.101239,36.116486],[140.101162,36.116487],[140.101162,36.116474]]]}},{"type":"Feature","properties":{"height":3},"geometry":{"type":"Polygon","coordinates":[[[140.103248,36.113854],[140.103272,36.113864],[140.103246,36.113905],[140.103248,36.113854]]]}},{"type":"Feature","properties":{"height":3},"geometry":{"type":"Polygon","coordinates":[[[140.100005,36.111011],[140.100172,36.110753],[140.100198,36.110763],[140.100174,36.110799],[140.100172,36.110798],[140.100119,36.110884],[140.10003,36.111022],[140.100005,36.111011]]]}},{"type":"Feature","properties":{"height":5.3},"geometry":{"type":"Polygon","coordinates":[[[140.100846,36.109081],[140.100873,36.109036],[140.100945,36.109065],[140.100921,36.109104],[140.100863,36.109081],[140.10086,36.109086],[140.100846,36.109081]]]}},{"type":"Feature","properties":{"height":3},"geometry":{"type":"Polygon","coordinates":[[[140.100604,36.112383],[140.100614,36.112365],[140.100644,36.112377],[140.100634,36.112395],[140.100604,36.112383]]]}},{"type":"Feature","properties":{"height":3},"geometry":{"type":"Polygon","coordinates":[[[140.103115,36.11406],[140.103141,36.114021],[140.103163,36.114031],[140.103138,36.11407],[140.103115,36.11406]]]}},{"type":"Feature","properties":{"height":3},"geometry":{"type":"Polygon","coordinates":[[[140.100507,36.112391],[140.100536,36.112342],[140.100568,36.112355],[140.100539,36.112403],[140.100507,36.112391]]]}},{"type":"Feature","properties":{"height":9.2},"geometry":{"type":"Polygon","coordinates":[[[140.101679,36.111446],[140.101772,36.111301],[140.102143,36.111459],[140.102089,36.111543],[140.101922,36.111472],[140.101904,36.111499],[140.10185,36.111476],[140.101829,36.11151],[140.101679,36.111446]]]}},{"type":"Feature","properties":{"height":24.8},"geometry":{"type":"Polygon","coordinates":[[[140.102429,36.112168],[140.102513,36.112039],[140.10256,36.112059],[140.102577,36.112032],[140.102445,36.111977],[140.102516,36.111866],[140.102628,36.111913],[140.102625,36.111919],[140.102772,36.111981],[140.102604,36.112242],[140.102429,36.112168]]]}},{"type":"Feature","properties":{"height":3},"geometry":{"type":"Polygon","coordinates":[[[140.102283,36.111156],[140.102292,36.11114],[140.102311,36.111147],[140.102302,36.111163],[140.102283,36.111156]]]}},{"type":"Feature","properties":{"height":3},"geometry":{"type":"Polygon","coordinates":[[[140.097321,36.117776],[140.097346,36.11775],[140.097365,36.117762],[140.09734,36.117788],[140.097321,36.117776]]]}},{"type":"Feature","properties":{"height":3},"geometry":{"type":"Polygon","coordinates":[[[140.098534,36.119567],[140.098555,36.119543],[140.098599,36.11957],[140.098578,36.119594],[140.098534,36.119567]]]}},{"type":"Feature","properties":{"height":3},"geometry":{"type":"Polygon","coordinates":[[[140.098191,36.119198],[140.098195,36.119193],[140.098208,36.119201],[140.098229,36.11918],[140.098226,36.119178],[140.098228,36.119176],[140.098242,36.119185],[140.098215,36.119213],[140.098191,36.119198]]]}},{"type":"Feature","properties":{"height":11.8},"geometry":{"type":"Polygon","coordinates":[[[140.098254,36.118176],[140.098288,36.118172],[140.098286,36.11816],[140.098439,36.118143],[140.098452,36.11822],[140.098403,36.118225],[140.098405,36.118237],[140.098384,36.118239],[140.09839,36.118275],[140.098306,36.118284],[140.098298,36.118235],[140.098264,36.118239],[140.098254,36.118176]]]}},{"type":"Feature","properties":{"height":3.1},"geometry":{"type":"Polygon","coordinates":[[[140.094832,36.117315],[140.094908,36.117166],[140.094974,36.117188],[140.094898,36.117337],[140.094832,36.117315]]]}},{"type":"Feature","properties":{"height":3},"geometry":{"type":"Polygon","coordinates":[[[140.096911,36.118235],[140.096963,36.118178],[140.096986,36.118192],[140.096934,36.118249],[140.096911,36.118235]]]}},{"type":"Feature","properties":{"height":3},"geometry":{"type":"Polygon","coordinates":[[[140.097877,36.118231],[140.097944,36.118226],[140.097947,36.118248],[140.09788,36.118254],[140.097877,36.118231]]]}},{"type":"Feature","properties":{"height":3},"geometry":{"type":"Polygon","coordinates":[[[140.095145,36.117806],[140.095156,36.117784],[140.095217,36.117805],[140.095206,36.117827],[140.095145,36.117806]]]}},{"type":"Feature","properties":{"height":3.4},"geometry":{"type":"Polygon","coordinates":[[[140.093578,36.117559],[140.093615,36.117486],[140.09371,36.117518],[140.093712,36.117515],[140.094038,36.117626],[140.093998,36.117704],[140.093671,36.117593],[140.093673,36.117591],[140.093578,36.117559]]]}},{"type":"Feature","properties":{"height":3},"geometry":{"type":"Polygon","coordinates":[[[140.094493,36.118797],[140.094545,36.118785],[140.094558,36.118822],[140.094506,36.118834],[140.094493,36.118797]]]}},{"type":"Feature","properties":{"height":3},"geometry":{"type":"Polygon","coordinates":[[[140.097062,36.117682],[140.09708,36.117664],[140.09718,36.117726],[140.097162,36.117745],[140.097062,36.117682]]]}},{"type":"Feature","properties":{"height":11.9},"geometry":{"type":"Polygon","coordinates":[[[140.097046,36.118932],[140.097058,36.118931],[140.097056,36.118921],[140.097119,36.118915],[140.097119,36.118912],[140.097165,36.118907],[140.097166,36.118911],[140.097228,36.118905],[140.09723,36.118914],[140.097247,36.118912],[140.097245,36.118903],[140.097309,36.118896],[140.097309,36.118893],[140.097355,36.118888],[140.097356,36.118891],[140.097419,36.118885],[140.09742,36.118894],[140.09743,36.118893],[140.097442,36.118966],[140.097363,36.118974],[140.097368,36.119009],[140.097334,36.119012],[140.097329,36.118979],[140.097174,36.118994],[140.097179,36.119027],[140.097145,36.119031],[140.09714,36.118998],[140.097058,36.119007],[140.097046,36.118932]]]}},{"type":"Feature","properties":{"height":3},"geometry":{"type":"Polygon","coordinates":[[[140.096996,36.118231],[140.097015,36.118212],[140.097113,36.118275],[140.097094,36.118294],[140.096996,36.118231]]]}},{"type":"Feature","properties":{"height":3},"geometry":{"type":"Polygon","coordinates":[[[140.095199,36.117705],[140.095211,36.117683],[140.095269,36.117703],[140.095258,36.117724],[140.095199,36.117705]]]}},{"type":"Feature","properties":{"height":8.7},"geometry":{"type":"Polygon","coordinates":[[[140.098018,36.117976],[140.098049,36.117973],[140.098058,36.118041],[140.098027,36.118044],[140.098018,36.117976]]]}},{"type":"Feature","properties":{"height":3},"geometry":{"type":"Polygon","coordinates":[[[140.096369,36.118412],[140.09639,36.118403],[140.096401,36.118419],[140.09638,36.118428],[140.096369,36.118412]]]}},{"type":"Feature","properties":{"height":3},"geometry":{"type":"Polygon","coordinates":[[[140.096822,36.118959],[140.096835,36.118945],[140.096843,36.11895],[140.096841,36.118953],[140.096867,36.11897],[140.096871,36.118966],[140.096872,36.118967],[140.096859,36.118982],[140.096822,36.118959]]]}},{"type":"Feature","properties":{"height":14.8},"geometry":{"type":"Polygon","coordinates":[[[140.097365,36.120057],[140.097387,36.119992],[140.097411,36.119998],[140.097416,36.119984],[140.097515,36.120006],[140.09751,36.12002],[140.097535,36.120026],[140.097513,36.12009],[140.097365,36.120057]]]}},{"type":"Feature","properties":{"height":3.2},"geometry":{"type":"Polygon","coordinates":[[[140.098244,36.118924],[140.098331,36.118916],[140.098334,36.11894],[140.098247,36.118948],[140.098244,36.118924]]]}},{"type":"Feature","properties":{"height":3},"geometry":{"type":"Polygon","coordinates":[[[140.09792,36.119321],[140.097959,36.119317],[140.097961,36.119329],[140.097922,36.119333],[140.09792,36.119321]]]}},{"type":"Feature","properties":{"height":3},"geometry":{"type":"Polygon","coordinates":[[[140.097979,36.118798],[140.098008,36.118795],[140.09802,36.118865],[140.097991,36.118868],[140.097979,36.118798]]]}},{"type":"Feature","properties":{"height":3},"geometry":{"type":"Polygon","coordinates":[[[140.097551,36.12023],[140.097579,36.120226],[140.097588,36.120261],[140.097559,36.120265],[140.097551,36.12023]]]}},{"type":"Feature","properties":{"height":3},"geometry":{"type":"Polygon","coordinates":[[[140.096968,36.118259],[140.096985,36.118241],[140.097084,36.118304],[140.097067,36.118322],[140.096968,36.118259]]]}},{"type":"Feature","properties":{"height":9.9},"geometry":{"type":"Polygon","coordinates":[[[140.097131,36.119697],[140.097148,36.119678],[140.097247,36.119739],[140.097229,36.119758],[140.097131,36.119697]]]}},{"type":"Feature","properties":{"height":3},"geometry":{"type":"Polygon","coordinates":[[[140.09781,36.118777],[140.097937,36.118765],[140.09794,36.118788],[140.097813,36.1188],[140.09781,36.118777]]]}},{"type":"Feature","properties":{"height":3},"geometry":{"type":"Polygon","coordinates":[[[140.097856,36.118813],[140.097942,36.118805],[140.097945,36.118828],[140.097859,36.118835],[140.097856,36.118813]]]}},{"type":"Feature","properties":{"height":15.2},"geometry":{"type":"Polygon","coordinates":[[[140.097567,36.120121],[140.097589,36.120056],[140.097613,36.120062],[140.097618,36.120048],[140.097718,36.120071],[140.097713,36.120084],[140.097737,36.120089],[140.097715,36.120154],[140.097567,36.120121]]]}},{"type":"Feature","properties":{"height":4},"geometry":{"type":"Polygon","coordinates":[[[140.094937,36.117792],[140.095079,36.11752],[140.095175,36.117553],[140.095032,36.117825],[140.094937,36.117792]]]}},{"type":"Feature","properties":{"height":6.9},"geometry":{"type":"Polygon","coordinates":[[[140.097888,36.118635],[140.097918,36.118632],[140.097927,36.118695],[140.097898,36.118698],[140.097888,36.118635]]]}},{"type":"Feature","properties":{"height":3},"geometry":{"type":"Polygon","coordinates":[[[140.09762,36.119798],[140.097685,36.119792],[140.097688,36.119815],[140.097623,36.119821],[140.09762,36.119798]]]}},{"type":"Feature","properties":{"height":3},"geometry":{"type":"Polygon","coordinates":[[[140.097504,36.119049],[140.097513,36.11904],[140.097545,36.11906],[140.097537,36.119069],[140.097504,36.119049]]]}},{"type":"Feature","properties":{"height":11.9},"geometry":{"type":"Polygon","coordinates":[[[140.097478,36.118975],[140.097534,36.118915],[140.097543,36.118921],[140.097549,36.118915],[140.0976,36.118946],[140.097603,36.118943],[140.097639,36.118965],[140.097636,36.118969],[140.097687,36.119],[140.09768,36.119007],[140.097687,36.119012],[140.097632,36.119071],[140.097568,36.119032],[140.097543,36.119059],[140.097515,36.119041],[140.097541,36.119014],[140.097478,36.118975]]]}},{"type":"Feature","properties":{"height":3.6},"geometry":{"type":"Polygon","coordinates":[[[140.09439,36.116765],[140.094465,36.116623],[140.09456,36.116656],[140.094485,36.116798],[140.09439,36.116765]]]}},{"type":"Feature","properties":{"height":3},"geometry":{"type":"Polygon","coordinates":[[[140.094354,36.117155],[140.094431,36.117005],[140.094496,36.117027],[140.094419,36.117177],[140.094354,36.117155]]]}},{"type":"Feature","properties":{"height":3},"geometry":{"type":"Polygon","coordinates":[[[140.09848,36.118133],[140.09851,36.118131],[140.098511,36.118146],[140.098481,36.118148],[140.09848,36.118133]]]}},{"type":"Feature","properties":{"height":12.5},"geometry":{"type":"Polygon","coordinates":[[[140.099102,36.116895],[140.099109,36.116895],[140.099109,36.116871],[140.099124,36.11687],[140.099124,36.116847],[140.09914,36.116846],[140.099139,36.116824],[140.099166,36.116822],[140.099164,36.116798],[140.099233,36.116795],[140.099233,36.116774],[140.099469,36.116765],[140.09947,36.116785],[140.099541,36.116783],[140.099542,36.116805],[140.099571,36.116805],[140.099572,36.116828],[140.099588,36.116827],[140.099589,36.116851],[140.099606,36.11685],[140.099608,36.116874],[140.099615,36.116874],[140.099617,36.116911],[140.099468,36.116915],[140.099461,36.11691],[140.09946,36.116894],[140.099468,36.116887],[140.099491,36.116886],[140.099505,36.116876],[140.09948,36.116845],[140.099416,36.116848],[140.099416,36.116889],[140.099301,36.116893],[140.099298,36.116853],[140.099233,36.116855],[140.099212,36.116888],[140.099229,36.116897],[140.099251,36.116896],[140.099259,36.116902],[140.09926,36.11692],[140.099253,36.116926],[140.099104,36.116932],[140.099102,36.116895]]]}},{"type":"Feature","properties":{"height":3},"geometry":{"type":"Polygon","coordinates":[[[140.093845,36.117424],[140.093958,36.1172],[140.094082,36.117242],[140.093969,36.117465],[140.093845,36.117424]]]}},{"type":"Feature","properties":{"height":3},"geometry":{"type":"Polygon","coordinates":[[[140.097873,36.119859],[140.097925,36.119805],[140.097948,36.11982],[140.097896,36.119874],[140.097873,36.119859]]]}},{"type":"Feature","properties":{"height":3},"geometry":{"type":"Polygon","coordinates":[[[140.0952,36.117912],[140.095205,36.117897],[140.095222,36.117901],[140.095217,36.117916],[140.0952,36.117912]]]}},{"type":"Feature","properties":{"height":3.5},"geometry":{"type":"Polygon","coordinates":[[[140.094314,36.119702],[140.09434,36.119651],[140.094646,36.119755],[140.09462,36.119805],[140.094314,36.119702]]]}},{"type":"Feature","properties":{"height":3},"geometry":{"type":"Polygon","coordinates":[[[140.094456,36.116969],[140.094511,36.116871],[140.094564,36.116891],[140.094509,36.116989],[140.094456,36.116969]]]}},{"type":"Feature","properties":{"height":3},"geometry":{"type":"Polygon","coordinates":[[[140.097475,36.119368],[140.097514,36.119364],[140.097516,36.119376],[140.097477,36.11938],[140.097475,36.119368]]]}},{"type":"Feature","properties":{"height":3},"geometry":{"type":"Polygon","coordinates":[[[140.097378,36.118414],[140.097406,36.118411],[140.097419,36.118513],[140.097391,36.118515],[140.097378,36.118414]]]}},{"type":"Feature","properties":{"height":3},"geometry":{"type":"Polygon","coordinates":[[[140.094124,36.119793],[140.094145,36.11975],[140.094459,36.119856],[140.094437,36.119899],[140.094124,36.119793]]]}},{"type":"Feature","properties":{"height":3},"geometry":{"type":"Polygon","coordinates":[[[140.09512,36.117857],[140.095132,36.117835],[140.095193,36.117856],[140.095181,36.117878],[140.09512,36.117857]]]}},{"type":"Feature","properties":{"height":3},"geometry":{"type":"Polygon","coordinates":[[[140.094721,36.117722],[140.094858,36.117454],[140.094892,36.117465],[140.094754,36.117733],[140.094721,36.117722]]]}},{"type":"Feature","properties":{"height":3},"geometry":{"type":"Polygon","coordinates":[[[140.094099,36.118694],[140.094152,36.11868],[140.094192,36.118784],[140.09414,36.118798],[140.094099,36.118694]]]}},{"type":"Feature","properties":{"height":3.1},"geometry":{"type":"Polygon","coordinates":[[[140.094605,36.11768],[140.094749,36.117407],[140.094844,36.11744],[140.094701,36.117713],[140.094605,36.11768]]]}},{"type":"Feature","properties":{"height":3},"geometry":{"type":"Polygon","coordinates":[[[140.094069,36.117499],[140.09421,36.117227],[140.094305,36.117259],[140.094163,36.117531],[140.094069,36.117499]]]}},{"type":"Feature","properties":{"height":12},"geometry":{"type":"Polygon","coordinates":[[[140.096803,36.118887],[140.096859,36.118828],[140.096867,36.118833],[140.096874,36.118826],[140.096924,36.118858],[140.096928,36.118854],[140.096964,36.118877],[140.096961,36.118881],[140.097011,36.118912],[140.097005,36.118919],[140.097013,36.118924],[140.096956,36.118984],[140.096892,36.118944],[140.096867,36.11897],[140.096841,36.118953],[140.096866,36.118926],[140.096803,36.118887]]]}},{"type":"Feature","properties":{"height":8.8},"geometry":{"type":"Polygon","coordinates":[[[140.09795,36.118325],[140.097979,36.118322],[140.097987,36.118386],[140.097959,36.118388],[140.09795,36.118325]]]}},{"type":"Feature","properties":{"height":11.9},"geometry":{"type":"Polygon","coordinates":[[[140.098471,36.118153],[140.098531,36.118147],[140.098527,36.118121],[140.098605,36.118114],[140.098609,36.118139],[140.098625,36.118137],[140.098643,36.118264],[140.098629,36.118265],[140.098633,36.118291],[140.098554,36.118298],[140.098544,36.118232],[140.098529,36.118233],[140.098526,36.118218],[140.098481,36.118222],[140.098471,36.118153]]]}},{"type":"Feature","properties":{"height":11.5},"geometry":{"type":"Polygon","coordinates":[[[140.097702,36.116796],[140.097716,36.116795],[140.097715,36.116786],[140.097837,36.116778],[140.097836,36.116775],[140.097853,36.116774],[140.097852,36.116767],[140.097968,36.116759],[140.097969,36.116766],[140.097994,36.116765],[140.097994,36.116757],[140.098109,36.11675],[140.09811,36.116756],[140.098121,36.116755],[140.098121,36.116757],[140.09825,36.116747],[140.098251,36.116756],[140.098263,36.116755],[140.09827,36.116824],[140.098214,36.116828],[140.098216,36.116839],[140.098183,36.116841],[140.098182,36.11683],[140.098126,36.116834],[140.098126,36.116826],[140.098075,36.11683],[140.098076,36.11684],[140.098044,36.116842],[140.098043,36.116831],[140.097935,36.116839],[140.097936,36.11685],[140.097904,36.116852],[140.097903,36.116841],[140.097849,36.116845],[140.097851,36.116855],[140.097797,36.116858],[140.097798,36.116869],[140.097765,36.116871],[140.097764,36.116861],[140.097709,36.116865],[140.097702,36.116796]]]}},{"type":"Feature","properties":{"height":3.3},"geometry":{"type":"Polygon","coordinates":[[[140.094968,36.117362],[140.095109,36.117089],[140.095204,36.117122],[140.095063,36.117394],[140.094968,36.117362]]]}},{"type":"Feature","properties":{"height":11.9},"geometry":{"type":"Polygon","coordinates":[[[140.097193,36.119286],[140.097203,36.119285],[140.097202,36.119276],[140.097265,36.119269],[140.097265,36.119266],[140.097312,36.119261],[140.097313,36.119265],[140.097376,36.119258],[140.097377,36.119267],[140.097392,36.119266],[140.097391,36.119256],[140.097455,36.11925],[140.097454,36.119246],[140.097502,36.119241],[140.097502,36.119245],[140.097565,36.119239],[140.097567,36.119248],[140.097577,36.119247],[140.097588,36.119321],[140.097508,36.119329],[140.097514,36.119364],[140.097479,36.119367],[140.097474,36.119333],[140.097319,36.119349],[140.097324,36.119382],[140.09729,36.119386],[140.097285,36.119352],[140.097204,36.119361],[140.097193,36.119286]]]}},{"type":"Feature","properties":{"height":3.8},"geometry":{"type":"Polygon","coordinates":[[[140.093705,36.118981],[140.093756,36.118883],[140.094083,36.118995],[140.094032,36.119093],[140.093705,36.118981]]]}},{"type":"Feature","properties":{"height":12.4},"geometry":{"type":"Polygon","coordinates":[[[140.098472,36.116969],[140.09848,36.116968],[140.098479,36.116944],[140.098495,36.116944],[140.098494,36.11692],[140.09851,36.116919],[140.098509,36.116896],[140.098536,36.116895],[140.098535,36.116871],[140.098604,36.116869],[140.098603,36.116848],[140.098841,36.116838],[140.098841,36.116859],[140.098912,36.116856],[140.098912,36.116879],[140.09894,36.116879],[140.098941,36.116902],[140.098959,36.116901],[140.09896,36.116924],[140.098976,36.116924],[140.098977,36.116947],[140.098985,36.116947],[140.098987,36.116985],[140.098839,36.116989],[140.098832,36.116984],[140.09883,36.116967],[140.098838,36.11696],[140.09886,36.11696],[140.098874,36.116948],[140.09885,36.116918],[140.098786,36.116921],[140.098787,36.116962],[140.09867,36.116967],[140.098668,36.116926],[140.098604,36.116929],[140.098584,36.116961],[140.098598,36.116969],[140.09862,36.116969],[140.09863,36.116976],[140.09863,36.116993],[140.098623,36.116999],[140.098474,36.117005],[140.098472,36.116969]]]}},{"type":"Feature","properties":{"height":3},"geometry":{"type":"Polygon","coordinates":[[[140.095688,36.118911],[140.095705,36.118907],[140.095737,36.118999],[140.09574,36.118998],[140.095748,36.119022],[140.095728,36.119027],[140.095688,36.118911]]]}},{"type":"Feature","properties":{"height":12.2},"geometry":{"type":"Polygon","coordinates":[[[140.097113,36.117615],[140.09729,36.11743],[140.09728,36.117424],[140.097321,36.117381],[140.09733,36.117387],[140.097345,36.117372],[140.097335,36.117366],[140.097497,36.117196],[140.097524,36.117213],[140.097533,36.117204],[140.097569,36.117227],[140.097559,36.117237],[140.097564,36.11724],[140.097406,36.117405],[140.097435,36.117423],[140.097397,36.117462],[140.097379,36.117451],[140.097166,36.117674],[140.097129,36.117651],[140.097144,36.117635],[140.097113,36.117615]]]}},{"type":"Feature","properties":{"height":3},"geometry":{"type":"Polygon","coordinates":[[[140.09715,36.117783],[140.097167,36.117765],[140.097203,36.117787],[140.097185,36.117805],[140.09715,36.117783]]]}},{"type":"Feature","properties":{"height":11.8},"geometry":{"type":"Polygon","coordinates":[[[140.09836,36.118646],[140.098405,36.118642],[140.098403,36.118625],[140.098417,36.118623],[140.098411,36.118583],[140.098504,36.118573],[140.098523,36.118698],[140.098509,36.1187],[140.098513,36.118726],[140.098433,36.118734],[140.098429,36.118707],[140.098371,36.118713],[140.09836,36.118646]]]}},{"type":"Feature","properties":{"height":3},"geometry":{"type":"Polygon","coordinates":[[[140.09449,36.117109],[140.094526,36.117038],[140.09458,36.117057],[140.094544,36.117127],[140.09449,36.117109]]]}},{"type":"Feature","properties":{"height":3},"geometry":{"type":"Polygon","coordinates":[[[140.095049,36.118096],[140.095071,36.118056],[140.095133,36.118079],[140.095123,36.118096],[140.095134,36.1181],[140.095124,36.118118],[140.095114,36.118115],[140.095112,36.118118],[140.095078,36.118106],[140.095075,36.118111],[140.09505,36.118102],[140.095053,36.118097],[140.095049,36.118096]]]}},{"type":"Feature","properties":{"height":11.7},"geometry":{"type":"Polygon","coordinates":[[[140.097763,36.11834],[140.097796,36.118337],[140.097794,36.118324],[140.097948,36.118311],[140.097959,36.118388],[140.097911,36.118392],[140.097912,36.118402],[140.097894,36.118404],[140.097899,36.118441],[140.097813,36.118449],[140.097807,36.118401],[140.097772,36.118404],[140.097763,36.11834]]]}},{"type":"Feature","properties":{"height":3},"geometry":{"type":"Polygon","coordinates":[[[140.094468,36.118307],[140.094503,36.118299],[140.094512,36.118323],[140.094477,36.118332],[140.094468,36.118307]]]}},{"type":"Feature","properties":{"height":3},"geometry":{"type":"Polygon","coordinates":[[[140.095918,36.121682],[140.095978,36.121679],[140.095981,36.121711],[140.09592,36.121714],[140.095918,36.121682]]]}},{"type":"Feature","properties":{"height":3},"geometry":{"type":"Polygon","coordinates":[[[140.094862,36.118981],[140.094871,36.118964],[140.094919,36.118979],[140.09491,36.118997],[140.094862,36.118981]]]}},{"type":"Feature","properties":{"height":3},"geometry":{"type":"Polygon","coordinates":[[[140.094506,36.120132],[140.094532,36.120083],[140.094544,36.120087],[140.094518,36.120136],[140.094506,36.120132]]]}},{"type":"Feature","properties":{"height":3.2},"geometry":{"type":"Polygon","coordinates":[[[140.093669,36.117364],[140.093786,36.117138],[140.093911,36.117181],[140.093795,36.117407],[140.093669,36.117364]]]}},{"type":"Feature","properties":{"height":11.8},"geometry":{"type":"Polygon","coordinates":[[[140.098378,36.11937],[140.098399,36.119348],[140.098412,36.119356],[140.098469,36.119296],[140.09848,36.119302],[140.098506,36.119275],[140.098496,36.119268],[140.098553,36.119209],[140.09854,36.119201],[140.09857,36.119168],[140.098583,36.119176],[140.09864,36.119116],[140.098651,36.119123],[140.098679,36.119094],[140.098668,36.119087],[140.098726,36.119026],[140.098713,36.119018],[140.098743,36.118987],[140.098756,36.118996],[140.098814,36.118935],[140.098825,36.118942],[140.098839,36.118928],[140.098897,36.118965],[140.098883,36.11898],[140.098892,36.118985],[140.098833,36.119047],[140.098824,36.119041],[140.098798,36.119069],[140.098807,36.119074],[140.098748,36.119136],[140.098738,36.119131],[140.09871,36.11916],[140.098718,36.119166],[140.098659,36.119228],[140.098651,36.119222],[140.098625,36.119249],[140.098634,36.119255],[140.098573,36.119318],[140.098565,36.119312],[140.098539,36.119339],[140.098548,36.119345],[140.098488,36.119407],[140.09848,36.119402],[140.098465,36.119417],[140.098423,36.11939],[140.098419,36.119395],[140.098378,36.11937]]]}},{"type":"Feature","properties":{"height":3},"geometry":{"type":"Polygon","coordinates":[[[140.094183,36.117538],[140.094195,36.117517],[140.094225,36.117527],[140.094213,36.117549],[140.094183,36.117538]]]}},{"type":"Feature","properties":{"height":3},"geometry":{"type":"Polygon","coordinates":[[[140.096986,36.119354],[140.097004,36.119335],[140.097102,36.119397],[140.097084,36.119416],[140.096986,36.119354]]]}},{"type":"Feature","properties":{"height":9.3},"geometry":{"type":"Polygon","coordinates":[[[140.095548,36.118674],[140.095575,36.118667],[140.095579,36.118679],[140.095552,36.118685],[140.095548,36.118674]]]}},{"type":"Feature","properties":{"height":3},"geometry":{"type":"Polygon","coordinates":[[[140.098717,36.118967],[140.09877,36.118911],[140.098793,36.118926],[140.09874,36.118981],[140.098717,36.118967]]]}},{"type":"Feature","properties":{"height":3},"geometry":{"type":"Polygon","coordinates":[[[140.098395,36.119395],[140.098404,36.119386],[140.098419,36.119395],[140.098423,36.11939],[140.098442,36.119402],[140.098428,36.119417],[140.098395,36.119395]]]}},{"type":"Feature","properties":{"height":24.5},"geometry":{"type":"Polygon","coordinates":[[[140.096616,36.118309],[140.096776,36.118145],[140.096817,36.118172],[140.096852,36.118136],[140.096899,36.118166],[140.096861,36.118204],[140.096899,36.118228],[140.096742,36.118388],[140.096697,36.118359],[140.096687,36.11837],[140.096649,36.118345],[140.096658,36.118336],[140.096616,36.118309]]]}},{"type":"Feature","properties":{"height":4.5},"geometry":{"type":"Polygon","coordinates":[[[140.094023,36.119885],[140.094078,36.119777],[140.094716,36.119993],[140.09466,36.120102],[140.094433,36.120025],[140.094426,36.120037],[140.09439,36.120025],[140.094359,36.120086],[140.094242,36.120047],[140.094281,36.119972],[140.094023,36.119885]]]}},{"type":"Feature","properties":{"height":3},"geometry":{"type":"Polygon","coordinates":[[[140.097332,36.118435],[140.09736,36.118432],[140.097369,36.118501],[140.097341,36.118504],[140.097332,36.118435]]]}},{"type":"Feature","properties":{"height":6.3},"geometry":{"type":"Polygon","coordinates":[[[140.09564,36.118731],[140.095657,36.118727],[140.095672,36.118774],[140.095655,36.118778],[140.09564,36.118731]]]}},{"type":"Feature","properties":{"height":3},"geometry":{"type":"Polygon","coordinates":[[[140.094173,36.11817],[140.094238,36.118044],[140.094311,36.118069],[140.094246,36.118194],[140.094173,36.11817]]]}},{"type":"Feature","properties":{"height":4.3},"geometry":{"type":"Polygon","coordinates":[[[140.094506,36.1168],[140.094579,36.116666],[140.094669,36.116698],[140.094597,36.116832],[140.094506,36.1168]]]}},{"type":"Feature","properties":{"height":3},"geometry":{"type":"Polygon","coordinates":[[[140.094369,36.11694],[140.094421,36.116843],[140.094474,36.116861],[140.094422,36.116959],[140.094369,36.11694]]]}},{"type":"Feature","properties":{"height":3.6},"geometry":{"type":"Polygon","coordinates":[[[140.094412,36.120189],[140.094451,36.120114],[140.094645,36.12018],[140.094607,36.120255],[140.094412,36.120189]]]}},{"type":"Feature","properties":{"height":3},"geometry":{"type":"Polygon","coordinates":[[[140.098358,36.118316],[140.098483,36.118304],[140.098486,36.118326],[140.098362,36.118339],[140.098358,36.118316]]]}},{"type":"Feature","properties":{"height":3.5},"geometry":{"type":"Polygon","coordinates":[[[140.095417,36.117247],[140.095454,36.117175],[140.095558,36.117211],[140.09552,36.117283],[140.095515,36.117281],[140.095507,36.117296],[140.095481,36.117286],[140.095489,36.117271],[140.095417,36.117247]]]}},{"type":"Feature","properties":{"height":3},"geometry":{"type":"Polygon","coordinates":[[[140.097166,36.116683],[140.097201,36.116682],[140.097202,36.116697],[140.097166,36.116698],[140.097166,36.116683]]]}},{"type":"Feature","properties":{"height":4.2},"geometry":{"type":"Polygon","coordinates":[[[140.094212,36.117776],[140.094252,36.117698],[140.094501,36.117781],[140.094461,36.117859],[140.094212,36.117776]]]}},{"type":"Feature","properties":{"height":5.9},"geometry":{"type":"Polygon","coordinates":[[[140.095624,36.118683],[140.095639,36.118679],[140.095648,36.1187],[140.095632,36.118704],[140.095624,36.118683]]]}},{"type":"Feature","properties":{"height":3},"geometry":{"type":"Polygon","coordinates":[[[140.09756,36.12021],[140.097568,36.120188],[140.097641,36.120205],[140.097633,36.120227],[140.09756,36.12021]]]}},{"type":"Feature","properties":{"height":9.5},"geometry":{"type":"Polygon","coordinates":[[[140.098408,36.118558],[140.098486,36.11855],[140.09849,36.118575],[140.098411,36.118583],[140.098408,36.118558]]]}},{"type":"Feature","properties":{"height":3.9},"geometry":{"type":"Polygon","coordinates":[[[140.094532,36.118585],[140.094878,36.118506],[140.094929,36.118656],[140.094582,36.118735],[140.094581,36.118732],[140.094558,36.118737],[140.094536,36.118672],[140.09456,36.118667],[140.094532,36.118585]]]}},{"type":"Feature","properties":{"height":3},"geometry":{"type":"Polygon","coordinates":[[[140.095758,36.117422],[140.095766,36.117405],[140.095797,36.117415],[140.095789,36.117432],[140.095758,36.117422]]]}},{"type":"Feature","properties":{"height":3},"geometry":{"type":"Polygon","coordinates":[[[140.09804,36.118065],[140.098068,36.118063],[140.098073,36.118097],[140.098045,36.118099],[140.09804,36.118065]]]}},{"type":"Feature","properties":{"height":11.7},"geometry":{"type":"Polygon","coordinates":[[[140.097454,36.118484],[140.0975,36.118479],[140.097497,36.118463],[140.097511,36.118462],[140.0975,36.118395],[140.097578,36.118388],[140.097582,36.118414],[140.097598,36.118413],[140.097617,36.118537],[140.097602,36.118539],[140.097606,36.118565],[140.097529,36.118573],[140.097524,36.118547],[140.097465,36.118553],[140.097454,36.118484]]]}},{"type":"Feature","properties":{"height":6.5},"geometry":{"type":"Polygon","coordinates":[[[140.098776,36.117126],[140.098941,36.117117],[140.098943,36.11714],[140.098777,36.117148],[140.098776,36.117126]]]}},{"type":"Feature","properties":{"height":3},"geometry":{"type":"Polygon","coordinates":[[[140.094136,36.119488],[140.094176,36.119412],[140.09427,36.119445],[140.09423,36.119521],[140.094136,36.119488]]]}},{"type":"Feature","properties":{"height":3.1},"geometry":{"type":"Polygon","coordinates":[[[140.094418,36.11862],[140.09448,36.118607],[140.094522,36.118739],[140.09446,36.118752],[140.094418,36.11862]]]}},{"type":"Feature","properties":{"height":3},"geometry":{"type":"Polygon","coordinates":[[[140.097732,36.119341],[140.09777,36.119338],[140.097772,36.119349],[140.097733,36.119353],[140.097732,36.119341]]]}},{"type":"Feature","properties":{"height":3},"geometry":{"type":"Polygon","coordinates":[[[140.098275,36.119462],[140.098324,36.119413],[140.098347,36.119427],[140.098297,36.119476],[140.098275,36.119462]]]}},{"type":"Feature","properties":{"height":4},"geometry":{"type":"Polygon","coordinates":[[[140.094101,36.118454],[140.094205,36.118253],[140.094293,36.118283],[140.094189,36.118484],[140.094101,36.118454]]]}},{"type":"Feature","properties":{"height":3},"geometry":{"type":"Polygon","coordinates":[[[140.09539,36.117331],[140.095408,36.117297],[140.095487,36.117324],[140.095469,36.117359],[140.09539,36.117331]]]}},{"type":"Feature","properties":{"height":3},"geometry":{"type":"Polygon","coordinates":[[[140.094546,36.117002],[140.094596,36.116903],[140.09465,36.11692],[140.094599,36.11702],[140.094546,36.117002]]]}},{"type":"Feature","properties":{"height":3},"geometry":{"type":"Polygon","coordinates":[[[140.0941,36.116897],[140.09416,36.116777],[140.094218,36.116796],[140.094158,36.116917],[140.0941,36.116897]]]}},{"type":"Feature","properties":{"height":3.3},"geometry":{"type":"Polygon","coordinates":[[[140.098379,36.119454],[140.098391,36.119442],[140.098422,36.119461],[140.098405,36.119479],[140.098389,36.119469],[140.098395,36.119463],[140.098379,36.119454]]]}},{"type":"Feature","properties":{"height":3},"geometry":{"type":"Polygon","coordinates":[[[140.097811,36.116904],[140.097896,36.116901],[140.097898,36.116924],[140.097812,36.116926],[140.097811,36.116904]]]}},{"type":"Feature","properties":{"height":3.2},"geometry":{"type":"Polygon","coordinates":[[[140.094327,36.118424],[140.094384,36.118314],[140.094398,36.118319],[140.0944,36.118314],[140.094423,36.118322],[140.094421,36.118327],[140.094434,36.118331],[140.094377,36.118441],[140.094327,36.118424]]]}},{"type":"Feature","properties":{"height":3},"geometry":{"type":"Polygon","coordinates":[[[140.098667,36.117156],[140.098706,36.117155],[140.098707,36.117174],[140.098667,36.117175],[140.098667,36.117156]]]}},{"type":"Feature","properties":{"height":3},"geometry":{"type":"Polygon","coordinates":[[[140.096839,36.118998],[140.096856,36.118981],[140.096956,36.119043],[140.096939,36.119061],[140.096839,36.118998]]]}},{"type":"Feature","properties":{"height":3},"geometry":{"type":"Polygon","coordinates":[[[140.098125,36.119561],[140.098177,36.119507],[140.098199,36.119521],[140.098147,36.119576],[140.098125,36.119561]]]}},{"type":"Feature","properties":{"height":7},"geometry":{"type":"Polygon","coordinates":[[[140.098441,36.118156],[140.098471,36.118153],[140.09848,36.118217],[140.098452,36.11822],[140.098441,36.118156]]]}},{"type":"Feature","properties":{"height":3},"geometry":{"type":"Polygon","coordinates":[[[140.097276,36.117815],[140.097293,36.117797],[140.097346,36.117831],[140.097328,36.117849],[140.097276,36.117815]]]}},{"type":"Feature","properties":{"height":11.8},"geometry":{"type":"Polygon","coordinates":[[[140.098126,36.118798],[140.098159,36.118794],[140.098157,36.118782],[140.098311,36.118767],[140.098313,36.11878],[140.098346,36.118777],[140.098356,36.11884],[140.098276,36.118848],[140.098277,36.11886],[140.098255,36.118862],[140.09826,36.118898],[140.098177,36.118907],[140.09817,36.118858],[140.098136,36.118861],[140.098126,36.118798]]]}},{"type":"Feature","properties":{"height":3},"geometry":{"type":"Polygon","coordinates":[[[140.097207,36.119408],[140.097292,36.1194],[140.097295,36.119423],[140.09721,36.11943],[140.097207,36.119408]]]}},{"type":"Feature","properties":{"height":4.1},"geometry":{"type":"Polygon","coordinates":[[[140.09428,36.116724],[140.094355,36.116583],[140.094451,36.116617],[140.094376,36.116758],[140.09428,36.116724]]]}},{"type":"Feature","properties":{"height":4.1},"geometry":{"type":"Polygon","coordinates":[[[140.093967,36.118468],[140.0941,36.118216],[140.094188,36.118247],[140.094055,36.118499],[140.093967,36.118468]]]}},{"type":"Feature","properties":{"height":3},"geometry":{"type":"Polygon","coordinates":[[[140.093269,36.119882],[140.093288,36.119844],[140.093313,36.119853],[140.093294,36.11989],[140.093269,36.119882]]]}},{"type":"Feature","properties":{"height":3},"geometry":{"type":"Polygon","coordinates":[[[140.099595,36.118267],[140.099613,36.118249],[140.09962,36.118254],[140.099638,36.118234],[140.099682,36.118263],[140.099645,36.1183],[140.099595,36.118267]]]}},{"type":"Feature","properties":{"height":3},"geometry":{"type":"Polygon","coordinates":[[[140.098091,36.116892],[140.098178,36.11689],[140.098179,36.116911],[140.098092,36.116914],[140.098091,36.116892]]]}},{"type":"Feature","properties":{"height":11.9},"geometry":{"type":"Polygon","coordinates":[[[140.097441,36.118262],[140.097473,36.118259],[140.097471,36.118246],[140.097626,36.118232],[140.097628,36.118244],[140.09766,36.118241],[140.097669,36.118304],[140.097588,36.118312],[140.09759,36.118325],[140.097571,36.118326],[140.097576,36.118363],[140.097491,36.118371],[140.097484,36.118323],[140.09745,36.118326],[140.097441,36.118262]]]}},{"type":"Feature","properties":{"height":8.1},"geometry":{"type":"Polygon","coordinates":[[[140.098093,36.11894],[140.098183,36.118929],[140.098187,36.118952],[140.098097,36.118963],[140.098093,36.11894]]]}},{"type":"Feature","properties":{"height":11.9},"geometry":{"type":"Polygon","coordinates":[[[140.097737,36.119575],[140.097776,36.119534],[140.097773,36.119532],[140.097802,36.119502],[140.097805,36.119504],[140.097844,36.119463],[140.097854,36.119469],[140.09786,36.119463],[140.097932,36.119509],[140.097882,36.119561],[140.097917,36.119582],[140.097896,36.119604],[140.097862,36.119582],[140.097812,36.119634],[140.09774,36.119588],[140.097747,36.119581],[140.097737,36.119575]]]}},{"type":"Feature","properties":{"height":3},"geometry":{"type":"Polygon","coordinates":[[[140.095495,36.118794],[140.095528,36.118786],[140.095535,36.118806],[140.095502,36.118813],[140.095495,36.118794]]]}},{"type":"Feature","properties":{"height":14.6},"geometry":{"type":"Polygon","coordinates":[[[140.097617,36.120309],[140.097639,36.120244],[140.097664,36.12025],[140.097668,36.120236],[140.097768,36.120259],[140.097763,36.120272],[140.097787,36.120278],[140.097766,36.120342],[140.097617,36.120309]]]}},{"type":"Feature","properties":{"height":3},"geometry":{"type":"Polygon","coordinates":[[[140.094431,36.118198],[140.09447,36.118123],[140.094529,36.118142],[140.09449,36.118218],[140.094431,36.118198]]]}},{"type":"Feature","properties":{"height":11.8},"geometry":{"type":"Polygon","coordinates":[[[140.097979,36.118322],[140.09804,36.118317],[140.098035,36.118287],[140.098113,36.11828],[140.098116,36.118306],[140.098133,36.118305],[140.09815,36.118429],[140.098137,36.11843],[140.098141,36.118457],[140.098063,36.118464],[140.098054,36.118397],[140.098038,36.118399],[140.098036,36.118381],[140.097987,36.118386],[140.097979,36.118322]]]}},{"type":"Feature","properties":{"height":5.4},"geometry":{"type":"Polygon","coordinates":[[[140.098759,36.118814],[140.09883,36.11874],[140.09881,36.118728],[140.098975,36.118557],[140.098939,36.118535],[140.098784,36.118551],[140.098964,36.11836],[140.099022,36.118355],[140.099042,36.118336],[140.099019,36.118322],[140.099084,36.118254],[140.099107,36.11827],[140.099124,36.118248],[140.099078,36.117982],[140.099279,36.118111],[140.099291,36.118195],[140.09931,36.118205],[140.099318,36.118197],[140.099456,36.118283],[140.099381,36.118367],[140.099371,36.118362],[140.098869,36.118884],[140.098759,36.118814]]]}},{"type":"Feature","properties":{"height":3},"geometry":{"type":"Polygon","coordinates":[[[140.093594,36.117599],[140.093605,36.117577],[140.093668,36.117598],[140.093657,36.11762],[140.093594,36.117599]]]}},{"type":"Feature","properties":{"height":3},"geometry":{"type":"Polygon","coordinates":[[[140.094084,36.118137],[140.094147,36.118013],[140.09422,36.118038],[140.094157,36.118162],[140.094084,36.118137]]]}},{"type":"Feature","properties":{"height":3},"geometry":{"type":"Polygon","coordinates":[[[140.09483,36.119039],[140.094839,36.119021],[140.094887,36.119037],[140.094878,36.119055],[140.09483,36.119039]]]}},{"type":"Feature","properties":{"height":3},"geometry":{"type":"Polygon","coordinates":[[[140.094081,36.117747],[140.094092,36.117724],[140.094143,36.11774],[140.094133,36.117763],[140.094081,36.117747]]]}},{"type":"Feature","properties":{"height":3},"geometry":{"type":"Polygon","coordinates":[[[140.09754,36.120115],[140.09755,36.120086],[140.097577,36.120092],[140.097567,36.120121],[140.09754,36.120115]]]}},{"type":"Feature","properties":{"height":3},"geometry":{"type":"Polygon","coordinates":[[[140.096911,36.117542],[140.09694,36.117513],[140.096961,36.117527],[140.096933,36.117556],[140.096911,36.117542]]]}},{"type":"Feature","properties":{"height":3},"geometry":{"type":"Polygon","coordinates":[[[140.097181,36.119042],[140.097337,36.119027],[140.09734,36.119049],[140.097184,36.119065],[140.097181,36.119042]]]}},{"type":"Feature","properties":{"height":3},"geometry":{"type":"Polygon","coordinates":[[[140.098572,36.118851],[140.098612,36.118808],[140.098633,36.118821],[140.098593,36.118864],[140.098572,36.118851]]]}},{"type":"Feature","properties":{"height":3},"geometry":{"type":"Polygon","coordinates":[[[140.09429,36.116911],[140.094347,36.116816],[140.094397,36.116835],[140.09434,36.116931],[140.09429,36.116911]]]}},{"type":"Feature","properties":{"height":3},"geometry":{"type":"Polygon","coordinates":[[[140.095395,36.118478],[140.095438,36.118468],[140.095443,36.118483],[140.095446,36.118482],[140.09545,36.118494],[140.095445,36.118495],[140.095449,36.118508],[140.095408,36.118517],[140.095395,36.118478]]]}},{"type":"Feature","properties":{"height":3},"geometry":{"type":"Polygon","coordinates":[[[140.097651,36.119363],[140.097737,36.119354],[140.097741,36.119377],[140.097655,36.119386],[140.097651,36.119363]]]}},{"type":"Feature","properties":{"height":3},"geometry":{"type":"Polygon","coordinates":[[[140.097513,36.12009],[140.097523,36.120059],[140.097546,36.120065],[140.097536,36.120096],[140.097513,36.12009]]]}},{"type":"Feature","properties":{"height":4.7},"geometry":{"type":"Polygon","coordinates":[[[140.095377,36.119193],[140.095415,36.119185],[140.09541,36.119168],[140.095454,36.119158],[140.095459,36.119174],[140.095499,36.119165],[140.095587,36.11943],[140.095465,36.119456],[140.095377,36.119193]]]}},{"type":"Feature","properties":{"height":4.3},"geometry":{"type":"Polygon","coordinates":[[[140.094717,36.119322],[140.094789,36.119184],[140.095208,36.119328],[140.095137,36.119466],[140.094717,36.119322]]]}},{"type":"Feature","properties":{"height":3},"geometry":{"type":"Polygon","coordinates":[[[140.094234,36.117553],[140.094376,36.117283],[140.09447,36.117315],[140.094329,36.117586],[140.094234,36.117553]]]}},{"type":"Feature","properties":{"height":3},"geometry":{"type":"Polygon","coordinates":[[[140.095068,36.119486],[140.095082,36.119458],[140.095137,36.119477],[140.095122,36.119505],[140.095068,36.119486]]]}},{"type":"Feature","properties":{"height":3},"geometry":{"type":"Polygon","coordinates":[[[140.093994,36.118108],[140.094059,36.117983],[140.094133,36.118008],[140.094068,36.118133],[140.093994,36.118108]]]}},{"type":"Feature","properties":{"height":3},"geometry":{"type":"Polygon","coordinates":[[[140.095314,36.117484],[140.095331,36.117451],[140.09541,36.117478],[140.095393,36.117511],[140.095314,36.117484]]]}},{"type":"Feature","properties":{"height":3},"geometry":{"type":"Polygon","coordinates":[[[140.094185,36.116924],[140.094253,36.116786],[140.094306,36.116803],[140.094238,36.116941],[140.094185,36.116924]]]}},{"type":"Feature","properties":{"height":3},"geometry":{"type":"Polygon","coordinates":[[[140.094522,36.117214],[140.094589,36.117081],[140.094635,36.117096],[140.094567,36.117229],[140.094522,36.117214]]]}},{"type":"Feature","properties":{"height":3},"geometry":{"type":"Polygon","coordinates":[[[140.094447,36.11719],[140.094485,36.11712],[140.09454,36.117139],[140.094502,36.11721],[140.094447,36.11719]]]}},{"type":"Feature","properties":{"height":3},"geometry":{"type":"Polygon","coordinates":[[[140.094399,36.117609],[140.094538,36.117338],[140.094635,36.117371],[140.094495,36.117642],[140.094399,36.117609]]]}},{"type":"Feature","properties":{"height":3},"geometry":{"type":"Polygon","coordinates":[[[140.096965,36.117487],[140.097043,36.117407],[140.097065,36.117421],[140.096987,36.117501],[140.096965,36.117487]]]}},{"type":"Feature","properties":{"height":3},"geometry":{"type":"Polygon","coordinates":[[[140.097938,36.11685],[140.097939,36.116865],[140.097904,36.116867],[140.097938,36.11685]]]}},{"type":"Feature","properties":{"height":3},"geometry":{"type":"Polygon","coordinates":[[[140.09824,36.118468],[140.098268,36.118465],[140.098278,36.118535],[140.09825,36.118538],[140.09824,36.118468]]]}},{"type":"Feature","properties":{"height":3},"geometry":{"type":"Polygon","coordinates":[[[140.097213,36.119008],[140.09729,36.118999],[140.097293,36.119017],[140.097216,36.119026],[140.097213,36.119008]]]}},{"type":"Feature","properties":{"height":3},"geometry":{"type":"Polygon","coordinates":[[[140.095682,36.117397],[140.095691,36.11738],[140.095723,36.11739],[140.095714,36.117407],[140.095682,36.117397]]]}},{"type":"Feature","properties":{"height":6.6},"geometry":{"type":"Polygon","coordinates":[[[140.099259,36.116902],[140.099264,36.116895],[140.099453,36.116887],[140.09946,36.116894],[140.099461,36.11691],[140.099456,36.116929],[140.099403,36.116931],[140.099404,36.116946],[140.099315,36.116949],[140.099314,36.116934],[140.099265,36.116936],[140.09926,36.11692],[140.099259,36.116902]]]}},{"type":"Feature","properties":{"height":3},"geometry":{"type":"Polygon","coordinates":[[[140.097961,36.119331],[140.098046,36.119323],[140.09805,36.119346],[140.097964,36.119354],[140.097961,36.119331]]]}},{"type":"Feature","properties":{"height":3},"geometry":{"type":"Polygon","coordinates":[[[140.097506,36.116993],[140.097559,36.116991],[140.097561,36.117013],[140.097507,36.117015],[140.097506,36.116993]]]}},{"type":"Feature","properties":{"height":3},"geometry":{"type":"Polygon","coordinates":[[[140.097829,36.11969],[140.097901,36.119616],[140.097904,36.119618],[140.09791,36.119612],[140.09793,36.119626],[140.097852,36.119705],[140.097829,36.11969]]]}},{"type":"Feature","properties":{"height":3},"geometry":{"type":"Polygon","coordinates":[[[140.093931,36.116826],[140.093983,36.116722],[140.094038,36.11674],[140.093986,36.116845],[140.093931,36.116826]]]}},{"type":"Feature","properties":{"height":3},"geometry":{"type":"Polygon","coordinates":[[[140.094046,36.117169],[140.094149,36.116969],[140.094215,36.116991],[140.094112,36.117192],[140.094046,36.117169]]]}},{"type":"Feature","properties":{"height":3},"geometry":{"type":"Polygon","coordinates":[[[140.097887,36.119604],[140.097891,36.1196],[140.097896,36.119604],[140.097917,36.119582],[140.097912,36.119579],[140.097914,36.119576],[140.097932,36.119587],[140.097904,36.119615],[140.097887,36.119604]]]}},{"type":"Feature","properties":{"height":3},"geometry":{"type":"Polygon","coordinates":[[[140.097396,36.119389],[140.097482,36.119381],[140.097485,36.119403],[140.097399,36.119412],[140.097396,36.119389]]]}},{"type":"Feature","properties":{"height":4},"geometry":{"type":"Polygon","coordinates":[[[140.099556,36.118319],[140.099597,36.118276],[140.099643,36.118304],[140.099602,36.118347],[140.099556,36.118319]]]}},{"type":"Feature","properties":{"height":3},"geometry":{"type":"Polygon","coordinates":[[[140.097069,36.116705],[140.097157,36.116703],[140.097158,36.116724],[140.09707,36.116727],[140.097069,36.116705]]]}},{"type":"Feature","properties":{"height":9.2},"geometry":{"type":"Polygon","coordinates":[[[140.095423,36.118702],[140.095451,36.118696],[140.095455,36.118709],[140.095428,36.118716],[140.095423,36.118702]]]}},{"type":"Feature","properties":{"height":8.9},"geometry":{"type":"Polygon","coordinates":[[[140.096885,36.118184],[140.096916,36.118153],[140.096941,36.118169],[140.09691,36.1182],[140.096885,36.118184]]]}},{"type":"Feature","properties":{"height":9.6},"geometry":{"type":"Polygon","coordinates":[[[140.098218,36.116839],[140.098219,36.116853],[140.098184,36.116855],[140.098218,36.116839]]]}},{"type":"Feature","properties":{"height":11.8},"geometry":{"type":"Polygon","coordinates":[[[140.097918,36.118632],[140.097977,36.118626],[140.097973,36.118599],[140.09805,36.118591],[140.098053,36.118616],[140.098071,36.118615],[140.09809,36.118741],[140.098075,36.118743],[140.098078,36.118769],[140.097999,36.118777],[140.09799,36.118709],[140.097976,36.118711],[140.097973,36.118695],[140.097928,36.118699],[140.097918,36.118632]]]}},{"type":"Feature","properties":{"height":3.2},"geometry":{"type":"Polygon","coordinates":[[[140.094407,36.118252],[140.094432,36.118202],[140.094543,36.118238],[140.094518,36.118288],[140.094407,36.118252]]]}},{"type":"Feature","properties":{"height":4.2},"geometry":{"type":"Polygon","coordinates":[[[140.094916,36.119067],[140.094966,36.11897],[140.095127,36.119025],[140.095078,36.119121],[140.094916,36.119067]]]}},{"type":"Feature","properties":{"height":3},"geometry":{"type":"Polygon","coordinates":[[[140.094263,36.1182],[140.094327,36.118075],[140.0944,36.1181],[140.094336,36.118225],[140.094263,36.1182]]]}},{"type":"Feature","properties":{"height":3},"geometry":{"type":"Polygon","coordinates":[[[140.094841,36.119019],[140.094851,36.119],[140.094898,36.119016],[140.094889,36.119035],[140.094841,36.119019]]]}},{"type":"Feature","properties":{"height":3.2},"geometry":{"type":"Polygon","coordinates":[[[140.093562,36.119937],[140.093605,36.119852],[140.093747,36.119901],[140.093704,36.119985],[140.093562,36.119937]]]}},{"type":"Feature","properties":{"height":3},"geometry":{"type":"Polygon","coordinates":[[[140.094588,36.117236],[140.094665,36.117085],[140.094731,36.117107],[140.094654,36.117258],[140.094588,36.117236]]]}},{"type":"Feature","properties":{"height":11.8},"geometry":{"type":"Polygon","coordinates":[[[140.097701,36.118653],[140.097733,36.118649],[140.097731,36.118637],[140.097886,36.118621],[140.097898,36.118698],[140.097849,36.118703],[140.097851,36.118715],[140.097831,36.118717],[140.097837,36.118754],[140.097753,36.118763],[140.097745,36.118713],[140.097712,36.118716],[140.097701,36.118653]]]}},{"type":"Feature","properties":{"height":3},"geometry":{"type":"Polygon","coordinates":[[[140.096947,36.117565],[140.096999,36.117511],[140.097021,36.117525],[140.096968,36.117579],[140.096947,36.117565]]]}},{"type":"Feature","properties":{"height":3},"geometry":{"type":"Polygon","coordinates":[[[140.098186,36.118442],[140.098214,36.118439],[140.098229,36.118541],[140.098202,36.118543],[140.098186,36.118442]]]}},{"type":"Feature","properties":{"height":9.2},"geometry":{"type":"Polygon","coordinates":[[[140.095188,36.118612],[140.095759,36.118482],[140.09585,36.118745],[140.095685,36.118783],[140.09564,36.118653],[140.095234,36.118745],[140.095188,36.118612]]]}},{"type":"Feature","properties":{"height":3},"geometry":{"type":"Polygon","coordinates":[[[140.098231,36.118264],[140.098248,36.118247],[140.098312,36.118291],[140.098295,36.118308],[140.098231,36.118264]]]}},{"type":"Feature","properties":{"height":3},"geometry":{"type":"Polygon","coordinates":[[[140.094817,36.117089],[140.094862,36.117006],[140.094912,36.117024],[140.094867,36.117107],[140.094817,36.117089]]]}},{"type":"Feature","properties":{"height":3},"geometry":{"type":"Polygon","coordinates":[[[140.097164,36.117745],[140.097181,36.117727],[140.097245,36.117769],[140.097228,36.117786],[140.097164,36.117745]]]}},{"type":"Feature","properties":{"height":5.1},"geometry":{"type":"Polygon","coordinates":[[[140.09406,36.119109],[140.094117,36.118999],[140.094437,36.119108],[140.09438,36.119218],[140.09406,36.119109]]]}},{"type":"Feature","properties":{"height":9.7},"geometry":{"type":"Polygon","coordinates":[[[140.097446,36.116681],[140.097482,36.11668],[140.097483,36.116696],[140.097447,36.116697],[140.097446,36.116681]]]}},{"type":"Feature","properties":{"height":3},"geometry":{"type":"Polygon","coordinates":[[[140.098683,36.118943],[140.098759,36.118866],[140.098781,36.11888],[140.098704,36.118957],[140.098683,36.118943]]]}},{"type":"Feature","properties":{"height":3},"geometry":{"type":"Polygon","coordinates":[[[140.095172,36.117755],[140.095184,36.117733],[140.095243,36.117754],[140.095231,36.117776],[140.095172,36.117755]]]}},{"type":"Feature","properties":{"height":3.1},"geometry":{"type":"Polygon","coordinates":[[[140.094772,36.117736],[140.094914,36.117464],[140.095009,36.117496],[140.094867,36.117769],[140.094772,36.117736]]]}},{"type":"Feature","properties":{"height":3},"geometry":{"type":"Polygon","coordinates":[[[140.097989,36.118216],[140.098016,36.118213],[140.098027,36.118282],[140.098,36.118285],[140.097989,36.118216]]]}},{"type":"Feature","properties":{"height":3},"geometry":{"type":"Polygon","coordinates":[[[140.097329,36.119009],[140.097333,36.119009],[140.097334,36.119012],[140.097368,36.119009],[140.097367,36.119004],[140.097371,36.119004],[140.097374,36.119021],[140.097332,36.119026],[140.097329,36.119009]]]}},{"type":"Feature","properties":{"height":3},"geometry":{"type":"Polygon","coordinates":[[[140.097772,36.119351],[140.097856,36.119342],[140.09786,36.119365],[140.097775,36.119374],[140.097772,36.119351]]]}},{"type":"Feature","properties":{"height":3},"geometry":{"type":"Polygon","coordinates":[[[140.098142,36.119288],[140.09822,36.119209],[140.098242,36.119224],[140.098164,36.119303],[140.098142,36.119288]]]}},{"type":"Feature","properties":{"height":3},"geometry":{"type":"Polygon","coordinates":[[[140.098079,36.11684],[140.09808,36.116854],[140.098044,36.116857],[140.098079,36.11684]]]}},{"type":"Feature","properties":{"height":3},"geometry":{"type":"Polygon","coordinates":[[[140.094469,36.118339],[140.094555,36.118319],[140.094568,36.118356],[140.094482,36.118376],[140.094469,36.118339]]]}},{"type":"Feature","properties":{"height":3},"geometry":{"type":"Polygon","coordinates":[[[140.095352,36.117407],[140.095369,36.117374],[140.095448,36.117401],[140.095431,36.117435],[140.095352,36.117407]]]}},{"type":"Feature","properties":{"height":3},"geometry":{"type":"Polygon","coordinates":[[[140.096974,36.119314],[140.096984,36.119304],[140.096986,36.119306],[140.096985,36.119307],[140.097012,36.119325],[140.097014,36.119323],[140.097016,36.119325],[140.097006,36.119335],[140.096974,36.119314]]]}},{"type":"Feature","properties":{"height":3},"geometry":{"type":"Polygon","coordinates":[[[140.094178,36.119644],[140.094189,36.119622],[140.09421,36.119629],[140.094199,36.11965],[140.094178,36.119644]]]}},{"type":"Feature","properties":{"height":3},"geometry":{"type":"Polygon","coordinates":[[[140.098403,36.119238],[140.098478,36.119159],[140.0985,36.119173],[140.098425,36.119252],[140.098403,36.119238]]]}},{"type":"Feature","properties":{"height":12},"geometry":{"type":"Polygon","coordinates":[[[140.097079,36.119597],[140.097137,36.119538],[140.097144,36.119542],[140.097151,36.119536],[140.097201,36.119568],[140.097205,36.119564],[140.097241,36.119587],[140.097238,36.11959],[140.097288,36.119622],[140.097281,36.119629],[140.097291,36.119635],[140.097233,36.119694],[140.09717,36.119653],[140.097144,36.11968],[140.097115,36.119661],[140.09714,36.119636],[140.097079,36.119597]]]}},{"type":"Feature","properties":{"height":3},"geometry":{"type":"Polygon","coordinates":[[[140.098216,36.119466],[140.098292,36.119388],[140.098314,36.119401],[140.098238,36.11948],[140.098216,36.119466]]]}},{"type":"Feature","properties":{"height":5.9},"geometry":{"type":"Polygon","coordinates":[[[140.093811,36.119338],[140.093847,36.119268],[140.094071,36.119342],[140.094035,36.119413],[140.093811,36.119338]]]}},{"type":"Feature","properties":{"height":3},"geometry":{"type":"Polygon","coordinates":[[[140.095253,36.117604],[140.095264,36.117582],[140.095323,36.117602],[140.095312,36.117624],[140.095253,36.117604]]]}},{"type":"Feature","properties":{"height":3},"geometry":{"type":"Polygon","coordinates":[[[140.094756,36.118697],[140.094813,36.118684],[140.094821,36.118705],[140.094763,36.118718],[140.094756,36.118697]]]}},{"type":"Feature","properties":{"height":3},"geometry":{"type":"Polygon","coordinates":[[[140.095535,36.117347],[140.095544,36.117331],[140.095575,36.117341],[140.095566,36.117358],[140.095535,36.117347]]]}},{"type":"Feature","properties":{"height":3.7},"geometry":{"type":"Polygon","coordinates":[[[140.094615,36.120271],[140.094663,36.12018],[140.094991,36.120292],[140.094943,36.120384],[140.094615,36.120271]]]}},{"type":"Feature","properties":{"height":11.8},"geometry":{"type":"Polygon","coordinates":[[[140.097831,36.117995],[140.097863,36.117992],[140.097861,36.117979],[140.098016,36.117965],[140.098027,36.118044],[140.097979,36.118048],[140.09798,36.118058],[140.097961,36.11806],[140.097966,36.118097],[140.09788,36.118105],[140.097874,36.118056],[140.097839,36.118059],[140.097831,36.117995]]]}},{"type":"Feature","properties":{"height":4.2},"geometry":{"type":"Polygon","coordinates":[[[140.093861,36.118432],[140.093991,36.118179],[140.094077,36.118208],[140.093946,36.118461],[140.093861,36.118432]]]}},{"type":"Feature","properties":{"height":4.7},"geometry":{"type":"Polygon","coordinates":[[[140.094589,36.11823],[140.09467,36.118212],[140.094694,36.118279],[140.094709,36.118276],[140.094717,36.118298],[140.094702,36.118302],[140.094717,36.118344],[140.094636,36.118363],[140.094589,36.11823]]]}},{"type":"Feature","properties":{"height":3.3},"geometry":{"type":"Polygon","coordinates":[[[140.093175,36.119804],[140.093214,36.119728],[140.093511,36.119828],[140.093472,36.119904],[140.093175,36.119804]]]}},{"type":"Feature","properties":{"height":11.8},"geometry":{"type":"Polygon","coordinates":[[[140.098281,36.118458],[140.098313,36.118455],[140.098312,36.118443],[140.098466,36.118428],[140.098468,36.11844],[140.0985,36.118437],[140.098509,36.118499],[140.098478,36.118502],[140.098486,36.11855],[140.098401,36.118559],[140.098395,36.118523],[140.098375,36.118525],[140.098373,36.118513],[140.09829,36.118521],[140.098281,36.118458]]]}},{"type":"Feature","properties":{"height":3},"geometry":{"type":"Polygon","coordinates":[[[140.094242,36.118658],[140.094313,36.118642],[140.094356,36.118774],[140.094285,36.11879],[140.094242,36.118658]]]}},{"type":"Feature","properties":{"height":3},"geometry":{"type":"Polygon","coordinates":[[[140.094712,36.117276],[140.094791,36.117125],[140.094856,36.117148],[140.094777,36.117299],[140.094712,36.117276]]]}},{"type":"Feature","properties":{"height":3},"geometry":{"type":"Polygon","coordinates":[[[140.092565,36.118125],[140.09257,36.118091],[140.092601,36.118094],[140.092596,36.118128],[140.092565,36.118125]]]}},{"type":"Feature","properties":{"height":3},"geometry":{"type":"Polygon","coordinates":[[[140.094176,36.118674],[140.094222,36.118662],[140.094261,36.118764],[140.094216,36.118776],[140.094176,36.118674]]]}},{"type":"Feature","properties":{"height":3},"geometry":{"type":"Polygon","coordinates":[[[140.095104,36.119886],[140.095179,36.11974],[140.095215,36.119752],[140.09514,36.119898],[140.095104,36.119886]]]}},{"type":"Feature","properties":{"height":3},"geometry":{"type":"Polygon","coordinates":[[[140.097712,36.118365],[140.09774,36.118362],[140.097755,36.118463],[140.097727,36.118466],[140.097712,36.118365]]]}},{"type":"Feature","properties":{"height":3},"geometry":{"type":"Polygon","coordinates":[[[140.098539,36.117139],[140.098704,36.11713],[140.098706,36.117152],[140.098541,36.117162],[140.098539,36.117139]]]}},{"type":"Feature","properties":{"height":3},"geometry":{"type":"Polygon","coordinates":[[[140.097516,36.119086],[140.097533,36.119069],[140.0976,36.119112],[140.097582,36.119129],[140.097516,36.119086]]]}},{"type":"Feature","properties":{"height":9.5},"geometry":{"type":"Polygon","coordinates":[[[140.097027,36.116698],[140.097062,36.116697],[140.097063,36.116711],[140.097028,36.116712],[140.097027,36.116698]]]}},{"type":"Feature","properties":{"height":3},"geometry":{"type":"Polygon","coordinates":[[[140.093905,36.118078],[140.093969,36.117952],[140.094043,36.117976],[140.093979,36.118102],[140.093905,36.118078]]]}},{"type":"Feature","properties":{"height":3},"geometry":{"type":"Polygon","coordinates":[[[140.095227,36.117654],[140.095237,36.117633],[140.095296,36.117652],[140.095293,36.117657],[140.095307,36.117662],[140.095299,36.117678],[140.095227,36.117654]]]}},{"type":"Feature","properties":{"height":3},"geometry":{"type":"Polygon","coordinates":[[[140.09781,36.116868],[140.097895,36.116866],[140.097896,36.116888],[140.09781,36.116889],[140.09781,36.116868]]]}},{"type":"Feature","properties":{"height":3},"geometry":{"type":"Polygon","coordinates":[[[140.094873,36.118961],[140.094882,36.118944],[140.094929,36.118959],[140.09492,36.118976],[140.094873,36.118961]]]}},{"type":"Feature","properties":{"height":3},"geometry":{"type":"Polygon","coordinates":[[[140.093994,36.117147],[140.094034,36.117073],[140.094071,36.117086],[140.094031,36.11716],[140.093994,36.117147]]]}},{"type":"Feature","properties":{"height":3},"geometry":{"type":"Polygon","coordinates":[[[140.094233,36.119417],[140.094242,36.119399],[140.094288,36.119415],[140.094279,36.119433],[140.094233,36.119417]]]}},{"type":"Feature","properties":{"height":3},"geometry":{"type":"Polygon","coordinates":[[[140.098635,36.117157],[140.098664,36.117155],[140.098665,36.117175],[140.098636,36.117176],[140.098635,36.117157]]]}},{"type":"Feature","properties":{"height":3.3},"geometry":{"type":"Polygon","coordinates":[[[140.098097,36.116857],[140.098181,36.116854],[140.098182,36.116876],[140.098098,36.116878],[140.098097,36.116857]]]}},{"type":"Feature","properties":{"height":3},"geometry":{"type":"Polygon","coordinates":[[[140.097945,36.118159],[140.09807,36.118145],[140.098074,36.118168],[140.097949,36.118181],[140.097945,36.118159]]]}},{"type":"Feature","properties":{"height":6.9},"geometry":{"type":"Polygon","coordinates":[[[140.094046,36.119638],[140.094094,36.119547],[140.094202,36.119585],[140.094153,36.119676],[140.094046,36.119638]]]}},{"type":"Feature","properties":{"height":3.8},"geometry":{"type":"Polygon","coordinates":[[[140.095132,36.117417],[140.095273,36.117146],[140.095368,36.117179],[140.095227,36.11745],[140.095132,36.117417]]]}},{"type":"Feature","properties":{"height":3},"geometry":{"type":"Polygon","coordinates":[[[140.097766,36.119916],[140.097889,36.119784],[140.097912,36.119798],[140.097788,36.11993],[140.097766,36.119916]]]}},{"type":"Feature","properties":{"height":3},"geometry":{"type":"Polygon","coordinates":[[[140.094696,36.11705],[140.094739,36.116971],[140.09479,36.116989],[140.094748,36.117068],[140.094696,36.11705]]]}},{"type":"Feature","properties":{"height":12},"geometry":{"type":"Polygon","coordinates":[[[140.098051,36.119175],[140.09809,36.119133],[140.098086,36.119131],[140.098115,36.119101],[140.098118,36.119103],[140.098157,36.119062],[140.098166,36.119068],[140.098172,36.119062],[140.098244,36.119107],[140.098196,36.119159],[140.098229,36.11918],[140.098208,36.119201],[140.098175,36.119181],[140.098126,36.119232],[140.098053,36.119186],[140.098059,36.11918],[140.098051,36.119175]]]}},{"type":"Feature","properties":{"height":3},"geometry":{"type":"Polygon","coordinates":[[[140.095385,36.117557],[140.095405,36.117517],[140.095499,36.117549],[140.095479,36.117589],[140.095385,36.117557]]]}},{"type":"Feature","properties":{"height":3},"geometry":{"type":"Polygon","coordinates":[[[140.095664,36.118847],[140.095691,36.118841],[140.095696,36.118857],[140.095669,36.118863],[140.095664,36.118847]]]}},{"type":"Feature","properties":{"height":3},"geometry":{"type":"Polygon","coordinates":[[[140.09551,36.118718],[140.095592,36.1187],[140.0956,36.118723],[140.095518,36.118741],[140.09551,36.118718]]]}},{"type":"Feature","properties":{"height":3},"geometry":{"type":"Polygon","coordinates":[[[140.098393,36.118276],[140.098479,36.118267],[140.098482,36.11829],[140.098397,36.118299],[140.098393,36.118276]]]}},{"type":"Feature","properties":{"height":3},"geometry":{"type":"Polygon","coordinates":[[[140.097089,36.119663],[140.097101,36.11965],[140.097117,36.119659],[140.097115,36.119661],[140.097144,36.11968],[140.097134,36.11969],[140.097089,36.119663]]]}},{"type":"Feature","properties":{"height":3},"geometry":{"type":"Polygon","coordinates":[[[140.09492,36.117151],[140.094981,36.117038],[140.095032,36.117057],[140.094971,36.117169],[140.09492,36.117151]]]}},{"type":"Feature","properties":{"height":3},"geometry":{"type":"Polygon","coordinates":[[[140.097672,36.118401],[140.0977,36.118398],[140.097711,36.118467],[140.097684,36.11847],[140.097672,36.118401]]]}},{"type":"Feature","properties":{"height":3},"geometry":{"type":"Polygon","coordinates":[[[140.098528,36.118542],[140.098556,36.118539],[140.098567,36.118608],[140.098539,36.118611],[140.098528,36.118542]]]}},{"type":"Feature","properties":{"height":3},"geometry":{"type":"Polygon","coordinates":[[[140.095522,36.118753],[140.095603,36.118734],[140.095611,36.118757],[140.09553,36.118776],[140.095522,36.118753]]]}},{"type":"Feature","properties":{"height":3},"geometry":{"type":"Polygon","coordinates":[[[140.095743,36.118855],[140.095784,36.118845],[140.095793,36.11887],[140.095752,36.11888],[140.095743,36.118855]]]}},{"type":"Feature","properties":{"height":3},"geometry":{"type":"Polygon","coordinates":[[[140.097451,36.119048],[140.097469,36.119029],[140.097506,36.119052],[140.097489,36.119071],[140.097451,36.119048]]]}},{"type":"Feature","properties":{"height":5.2},"geometry":{"type":"Polygon","coordinates":[[[140.099412,36.117047],[140.099496,36.117044],[140.099497,36.117067],[140.099413,36.11707],[140.099412,36.117047]]]}},{"type":"Feature","properties":{"height":3},"geometry":{"type":"Polygon","coordinates":[[[140.095648,36.117147],[140.095739,36.116968],[140.095815,36.116994],[140.095723,36.117172],[140.095648,36.117147]]]}},{"type":"Feature","properties":{"height":3},"geometry":{"type":"Polygon","coordinates":[[[140.099631,36.118343],[140.099664,36.118306],[140.099687,36.11832],[140.099655,36.118357],[140.099631,36.118343]]]}},{"type":"Feature","properties":{"height":6.9},"geometry":{"type":"Polygon","coordinates":[[[140.094401,36.119226],[140.09448,36.119073],[140.094584,36.119109],[140.094579,36.119119],[140.094697,36.119159],[140.09469,36.119172],[140.09475,36.119192],[140.094695,36.119298],[140.094623,36.119273],[140.09461,36.119297],[140.094401,36.119226]]]}},{"type":"Feature","properties":{"height":3},"geometry":{"type":"Polygon","coordinates":[[[140.095739,36.117178],[140.09583,36.116999],[140.095903,36.117024],[140.095813,36.117202],[140.095739,36.117178]]]}},{"type":"Feature","properties":{"height":3},"geometry":{"type":"Polygon","coordinates":[[[140.097307,36.116678],[140.097342,36.116677],[140.097343,36.116691],[140.097307,36.116692],[140.097307,36.116678]]]}},{"type":"Feature","properties":{"height":3},"geometry":{"type":"Polygon","coordinates":[[[140.09554,36.118787],[140.09556,36.118783],[140.095563,36.118795],[140.095544,36.118799],[140.09554,36.118787]]]}},{"type":"Feature","properties":{"height":24.6},"geometry":{"type":"Polygon","coordinates":[[[140.096651,36.11739],[140.096808,36.117228],[140.096847,36.117253],[140.096884,36.117214],[140.096935,36.117247],[140.096898,36.117285],[140.096934,36.117308],[140.096776,36.117471],[140.096731,36.117441],[140.096722,36.11745],[140.096686,36.117427],[140.096695,36.117418],[140.096651,36.11739]]]}},{"type":"Feature","properties":{"height":24.9},"geometry":{"type":"Polygon","coordinates":[[[140.096674,36.117918],[140.096832,36.117755],[140.096871,36.11778],[140.096907,36.117741],[140.09696,36.117775],[140.096922,36.117813],[140.096957,36.117836],[140.096801,36.117997],[140.096756,36.117969],[140.096745,36.117979],[140.096706,36.117954],[140.096716,36.117945],[140.096674,36.117918]]]}},{"type":"Feature","properties":{"height":3},"geometry":{"type":"Polygon","coordinates":[[[140.09561,36.117372],[140.095618,36.117355],[140.095649,36.117365],[140.095641,36.117382],[140.09561,36.117372]]]}},{"type":"Feature","properties":{"height":3},"geometry":{"type":"Polygon","coordinates":[[[140.098008,36.119763],[140.098086,36.119681],[140.098108,36.119695],[140.09803,36.119777],[140.098008,36.119763]]]}},{"type":"Feature","properties":{"height":3},"geometry":{"type":"Polygon","coordinates":[[[140.093571,36.118903],[140.093591,36.118866],[140.093615,36.118875],[140.093596,36.118911],[140.093571,36.118903]]]}},{"type":"Feature","properties":{"height":3},"geometry":{"type":"Polygon","coordinates":[[[140.098162,36.119583],[140.098236,36.119505],[140.098258,36.119519],[140.098184,36.119597],[140.098162,36.119583]]]}},{"type":"Feature","properties":{"height":3},"geometry":{"type":"Polygon","coordinates":[[[140.09309,36.119771],[140.093097,36.119755],[140.093117,36.119761],[140.093109,36.119777],[140.09309,36.119771]]]}},{"type":"Feature","properties":{"height":3},"geometry":{"type":"Polygon","coordinates":[[[140.095004,36.120075],[140.095082,36.119929],[140.095118,36.119942],[140.09504,36.120087],[140.095004,36.120075]]]}},{"type":"Feature","properties":{"height":3},"geometry":{"type":"Polygon","coordinates":[[[140.096662,36.11842],[140.096682,36.118401],[140.096716,36.118425],[140.096695,36.118444],[140.096662,36.11842]]]}},{"type":"Feature","properties":{"height":3},"geometry":{"type":"Polygon","coordinates":[[[140.097515,36.119377],[140.097601,36.119369],[140.097604,36.119391],[140.097518,36.119399],[140.097515,36.119377]]]}},{"type":"Feature","properties":{"height":3},"geometry":{"type":"Polygon","coordinates":[[[140.097035,36.11771],[140.097052,36.117692],[140.097151,36.117755],[140.097134,36.117773],[140.097035,36.11771]]]}},{"type":"Feature","properties":{"height":3},"geometry":{"type":"Polygon","coordinates":[[[140.097575,36.120043],[140.097586,36.120007],[140.097615,36.120013],[140.097604,36.120049],[140.097575,36.120043]]]}},{"type":"Feature","properties":{"height":3.4},"geometry":{"type":"Polygon","coordinates":[[[140.094672,36.11793],[140.094712,36.117853],[140.095038,36.117965],[140.094998,36.118042],[140.094672,36.11793]]]}},{"type":"Feature","properties":{"height":9.8},"geometry":{"type":"Polygon","coordinates":[[[140.097286,36.119386],[140.097327,36.119395],[140.097288,36.119399],[140.097286,36.119386]]]}},{"type":"Feature","properties":{"height":3},"geometry":{"type":"Polygon","coordinates":[[[140.099246,36.117091],[140.099331,36.117087],[140.099332,36.11711],[140.099248,36.117114],[140.099246,36.117091]]]}},{"type":"Feature","properties":{"height":3},"geometry":{"type":"Polygon","coordinates":[[[140.098464,36.119235],[140.098516,36.119179],[140.098538,36.119193],[140.098486,36.119249],[140.098464,36.119235]]]}},{"type":"Feature","properties":{"height":3},"geometry":{"type":"Polygon","coordinates":[[[140.095568,36.118777],[140.09561,36.118767],[140.095616,36.118784],[140.095574,36.118794],[140.095568,36.118777]]]}},{"type":"Feature","properties":{"height":3},"geometry":{"type":"Polygon","coordinates":[[[140.097941,36.118121],[140.098064,36.118109],[140.098067,36.118132],[140.097944,36.118145],[140.097941,36.118121]]]}},{"type":"Feature","properties":{"height":3},"geometry":{"type":"Polygon","coordinates":[[[140.096386,36.118384],[140.096417,36.11837],[140.096439,36.118404],[140.096408,36.118417],[140.096386,36.118384]]]}},{"type":"Feature","properties":{"height":3},"geometry":{"type":"Polygon","coordinates":[[[140.093217,36.119848],[140.093225,36.119831],[140.093245,36.119837],[140.093236,36.119854],[140.093217,36.119848]]]}},{"type":"Feature","properties":{"height":3.7},"geometry":{"type":"Polygon","coordinates":[[[140.098267,36.116955],[140.098358,36.116952],[140.098363,36.117062],[140.098272,36.117065],[140.098267,36.116955]]]}},{"type":"Feature","properties":{"height":3},"geometry":{"type":"Polygon","coordinates":[[[140.099244,36.117055],[140.099329,36.117052],[140.099331,36.117074],[140.099246,36.117077],[140.099244,36.117055]]]}},{"type":"Feature","properties":{"height":3},"geometry":{"type":"Polygon","coordinates":[[[140.095693,36.118846],[140.095738,36.118835],[140.095744,36.118853],[140.0957,36.118864],[140.095693,36.118846]]]}},{"type":"Feature","properties":{"height":3},"geometry":{"type":"Polygon","coordinates":[[[140.097214,36.116699],[140.097299,36.116695],[140.0973,36.116719],[140.097216,36.116723],[140.097214,36.116699]]]}},{"type":"Feature","properties":{"height":11.9},"geometry":{"type":"Polygon","coordinates":[[[140.098049,36.117973],[140.098107,36.117968],[140.098103,36.11794],[140.098182,36.117933],[140.098185,36.117959],[140.098202,36.117958],[140.098219,36.118084],[140.098206,36.118085],[140.098209,36.118112],[140.098129,36.118119],[140.09812,36.118052],[140.098106,36.118054],[140.098104,36.118037],[140.098058,36.118041],[140.098049,36.117973]]]}},{"type":"Feature","properties":{"height":3},"geometry":{"type":"Polygon","coordinates":[[[140.096718,36.118746],[140.096765,36.118725],[140.096779,36.118745],[140.096733,36.118767],[140.096718,36.118746]]]}},{"type":"Feature","properties":{"height":3},"geometry":{"type":"Polygon","coordinates":[[[140.094006,36.116851],[140.09406,36.116748],[140.094115,36.116767],[140.094062,36.11687],[140.094006,36.116851]]]}},{"type":"Feature","properties":{"height":4.3},"geometry":{"type":"Polygon","coordinates":[[[140.09863,36.116976],[140.098634,36.116968],[140.098825,36.116961],[140.09883,36.116967],[140.098832,36.116984],[140.098828,36.117],[140.098771,36.117001],[140.098772,36.117019],[140.098693,36.117022],[140.098693,36.117009],[140.098637,36.11701],[140.09863,36.116993],[140.09863,36.116976]]]}},{"type":"Feature","properties":{"height":4.8},"geometry":{"type":"Polygon","coordinates":[[[140.096309,36.118489],[140.096463,36.118419],[140.09655,36.118545],[140.096396,36.118615],[140.096309,36.118489]]]}},{"type":"Feature","properties":{"height":3},"geometry":{"type":"Polygon","coordinates":[[[140.097345,36.116695],[140.09743,36.116691],[140.097431,36.116713],[140.097346,36.116716],[140.097345,36.116695]]]}},{"type":"Feature","properties":{"height":11.9},"geometry":{"type":"Polygon","coordinates":[[[140.097639,36.11924],[140.097648,36.119239],[140.097647,36.11923],[140.09771,36.119224],[140.09771,36.11922],[140.097757,36.119215],[140.097758,36.119219],[140.097822,36.119212],[140.097823,36.119221],[140.097838,36.11922],[140.097837,36.11921],[140.097901,36.119204],[140.0979,36.1192],[140.097947,36.119196],[140.097948,36.119199],[140.09801,36.119193],[140.098011,36.119202],[140.098021,36.119201],[140.098032,36.119274],[140.097953,36.119282],[140.097959,36.119317],[140.097925,36.119321],[140.09792,36.119287],[140.097765,36.119303],[140.09777,36.119338],[140.097735,36.119341],[140.097729,36.119307],[140.09765,36.119315],[140.097639,36.11924]]]}},{"type":"Feature","properties":{"height":3},"geometry":{"type":"Polygon","coordinates":[[[140.097001,36.117509],[140.097077,36.117429],[140.097099,36.117443],[140.097022,36.117523],[140.097001,36.117509]]]}},{"type":"Feature","properties":{"height":3},"geometry":{"type":"Polygon","coordinates":[[[140.097487,36.119886],[140.097509,36.11987],[140.097593,36.119944],[140.097571,36.119961],[140.097487,36.119886]]]}},{"type":"Feature","properties":{"height":3},"geometry":{"type":"Polygon","coordinates":[[[140.097419,36.11974],[140.097455,36.119737],[140.097454,36.119728],[140.097463,36.119727],[140.097466,36.119745],[140.097602,36.119731],[140.0976,36.119715],[140.097609,36.119714],[140.09761,36.119721],[140.097646,36.119717],[140.097648,36.119734],[140.097614,36.119737],[140.097617,36.119752],[140.097461,36.119768],[140.097459,36.119755],[140.097422,36.119759],[140.097419,36.11974]]]}},{"type":"Feature","properties":{"height":3},"geometry":{"type":"Polygon","coordinates":[[[140.099494,36.118383],[140.099502,36.118375],[140.099496,36.118371],[140.09951,36.118356],[140.099515,36.11836],[140.099553,36.118322],[140.099599,36.118352],[140.099539,36.118413],[140.099494,36.118383]]]}},{"type":"Feature","properties":{"height":7.9},"geometry":{"type":"Polygon","coordinates":[[[140.097479,36.120196],[140.097514,36.120191],[140.097529,36.120259],[140.097494,36.120264],[140.097479,36.120196]]]}},{"type":"Feature","properties":{"height":3},"geometry":{"type":"Polygon","coordinates":[[[140.093809,36.11709],[140.093886,36.116939],[140.094054,36.116995],[140.093977,36.117147],[140.093809,36.11709]]]}},{"type":"Feature","properties":{"height":12},"geometry":{"type":"Polygon","coordinates":[[[140.096948,36.119241],[140.097005,36.119182],[140.097013,36.119187],[140.097019,36.11918],[140.097069,36.119212],[140.097073,36.119208],[140.097111,36.119233],[140.097108,36.119236],[140.097157,36.119267],[140.09715,36.119274],[140.097159,36.119279],[140.097102,36.119338],[140.097039,36.119298],[140.097012,36.119325],[140.096985,36.119307],[140.09701,36.119281],[140.096948,36.119241]]]}},{"type":"Feature","properties":{"height":3},"geometry":{"type":"Polygon","coordinates":[[[140.094326,36.118639],[140.094396,36.118624],[140.094437,36.118756],[140.094367,36.118771],[140.094326,36.118639]]]}},{"type":"Feature","properties":{"height":3},"geometry":{"type":"Polygon","coordinates":[[[140.098051,36.11931],[140.098118,36.119305],[140.098121,36.119328],[140.098054,36.119333],[140.098051,36.11931]]]}},{"type":"Feature","properties":{"height":11.9},"geometry":{"type":"Polygon","coordinates":[[[140.097325,36.119642],[140.097334,36.119641],[140.097333,36.119632],[140.097397,36.119625],[140.097396,36.119622],[140.097443,36.119617],[140.097444,36.11962],[140.097507,36.119614],[140.097508,36.119623],[140.097524,36.119621],[140.097523,36.119613],[140.097587,36.119606],[140.097586,36.119603],[140.097633,36.119598],[140.097634,36.119602],[140.097697,36.119595],[140.097698,36.119604],[140.097708,36.119603],[140.09772,36.119677],[140.09764,36.119685],[140.097644,36.119718],[140.09761,36.119721],[140.097605,36.119689],[140.09745,36.119704],[140.097455,36.119737],[140.097419,36.11974],[140.097415,36.119709],[140.097336,36.119717],[140.097325,36.119642]]]}},{"type":"Feature","properties":{"height":3},"geometry":{"type":"Polygon","coordinates":[[[140.099414,36.117083],[140.099499,36.11708],[140.0995,36.117103],[140.099415,36.117106],[140.099414,36.117083]]]}},{"type":"Feature","properties":{"height":12},"geometry":{"type":"Polygon","coordinates":[[[140.097768,36.120093],[140.097783,36.120077],[140.097771,36.12007],[140.097829,36.12001],[140.097815,36.120002],[140.097845,36.11997],[140.097858,36.119978],[140.097916,36.119917],[140.097928,36.119925],[140.097955,36.119896],[140.097944,36.119889],[140.098002,36.119829],[140.097989,36.11982],[140.098019,36.119789],[140.098032,36.119797],[140.09809,36.119736],[140.098101,36.119743],[140.098128,36.119714],[140.098117,36.119708],[140.098175,36.119647],[140.098163,36.11964],[140.098194,36.119607],[140.098206,36.119615],[140.098263,36.119556],[140.098274,36.119563],[140.0983,36.119535],[140.098289,36.119528],[140.098346,36.119468],[140.098334,36.11946],[140.098355,36.119438],[140.098395,36.119463],[140.098389,36.119469],[140.098432,36.119496],[140.098419,36.11951],[140.098427,36.119515],[140.098368,36.119577],[140.098359,36.119572],[140.098332,36.1196],[140.098341,36.119605],[140.098282,36.119668],[140.098273,36.119662],[140.098246,36.11969],[140.098255,36.119695],[140.098196,36.119757],[140.098187,36.119751],[140.098159,36.119781],[140.098168,36.119786],[140.098108,36.119848],[140.098099,36.119843],[140.098073,36.11987],[140.098082,36.119876],[140.098023,36.119938],[140.098014,36.119932],[140.097986,36.119962],[140.097996,36.119967],[140.097936,36.12003],[140.097927,36.120024],[140.0979,36.120052],[140.097909,36.120057],[140.09785,36.12012],[140.09784,36.120114],[140.097826,36.120129],[140.097768,36.120093]]]}},{"type":"Feature","properties":{"height":3},"geometry":{"type":"Polygon","coordinates":[[[140.094232,36.117116],[140.09431,36.116965],[140.094378,36.116988],[140.094299,36.117139],[140.094232,36.117116]]]}},{"type":"Feature","properties":{"height":3},"geometry":{"type":"Polygon","coordinates":[[[140.09804,36.118482],[140.09807,36.118479],[140.098081,36.118541],[140.098051,36.118544],[140.09804,36.118482]]]}},{"type":"Feature","properties":{"height":3},"geometry":{"type":"Polygon","coordinates":[[[140.097138,36.119032],[140.097186,36.119027],[140.097188,36.119041],[140.097141,36.119045],[140.097138,36.119032]]]}},{"type":"Feature","properties":{"height":3},"geometry":{"type":"Polygon","coordinates":[[[140.100434,36.117091],[140.100502,36.11709],[140.100502,36.117117],[140.100435,36.117117],[140.100434,36.117091]]]}},{"type":"Feature","properties":{"height":3},"geometry":{"type":"Polygon","coordinates":[[[140.100187,36.116806],[140.100288,36.116805],[140.100291,36.116942],[140.10019,36.116943],[140.100187,36.116806]]]}},{"type":"Feature","properties":{"height":3.5},"geometry":{"type":"Polygon","coordinates":[[[140.100412,36.117016],[140.100543,36.117016],[140.100544,36.117074],[140.100413,36.117075],[140.100412,36.117016]]]}},{"type":"Feature","properties":{"height":3},"geometry":{"type":"Polygon","coordinates":[[[140.10032,36.116805],[140.100419,36.116805],[140.10042,36.11694],[140.100321,36.116941],[140.10032,36.116805]]]}},{"type":"Feature","properties":{"height":3},"geometry":{"type":"Polygon","coordinates":[[[140.100455,36.116818],[140.100539,36.116817],[140.100541,36.11693],[140.100457,36.116931],[140.100455,36.116818]]]}},{"type":"Feature","properties":{"height":3},"geometry":{"type":"Polygon","coordinates":[[[140.100065,36.116886],[140.100162,36.116886],[140.100162,36.116925],[140.100065,36.116925],[140.100065,36.116886]]]}}]}
